"Institution ID","Institution","Game Date","Opponent ID","Opponent Name","Score For","Score Against","Location"
"6","Alabama A&M","09/01/12","720","Tuskegee","7","6","Neutral Site"
"6","Alabama A&M","09/08/12","2678","Ark.-Pine Bluff","14","10","Away"
"6","Alabama A&M","09/15/12","553","Prairie View","42","30","Home"
"6","Alabama A&M","09/22/12","699","Texas Southern","42","13","Away"
"6","Alabama A&M","09/29/12","261","Grambling","38","17","Home"
"6","Alabama A&M","10/06/12","432","Mississippi Val.","35","0","Away"
"6","Alabama A&M","10/13/12","17","Alcorn St.","20","21","Home"
"6","Alabama A&M","10/27/12","7","Alabama St.","13","31","Neutral Site"
"6","Alabama A&M","11/03/12","665","Southern U.","24","23","Home"
"6","Alabama A&M","11/10/12","314","Jackson St.","21","35","Away"
"6","Alabama A&M","11/17/12","37","Auburn","7","51","Away"
"7","Alabama St.","09/02/12","61","Bethune-Cookman","28","38","Neutral Site"
"7","Alabama St.","09/08/12","432","Mississippi Val.","29","7","Home"
"7","Alabama St.","09/15/12","261","Grambling","19","18","Away"
"7","Alabama St.","09/20/12","2678","Ark.-Pine Bluff","21","24","Home"
"7","Alabama St.","09/29/12","17","Alcorn St.","54","14","Away"
"7","Alabama St.","10/06/12","699","Texas Southern","45","0","Home"
"7","Alabama St.","10/13/12","314","Jackson St.","34","37","Home"
"7","Alabama St.","10/27/12","6","Alabama A&M","31","13","Neutral Site"
"7","Alabama St.","11/03/12","553","Prairie View","35","21","Away"
"7","Alabama St.","11/10/12","665","Southern U.","31","30","Away"
"7","Alabama St.","11/22/12","720","Tuskegee","25","27","Home"
"14","Albany (NY)","09/01/12","153","Colgate","40","23","Home"
"14","Albany (NY)","09/08/12","579","Robert Morris","35","10","Away"
"14","Albany (NY)","09/15/12","817","Youngstown St.","24","31","Away"
"14","Albany (NY)","09/22/12","380","Maine","30","20","Away"
"14","Albany (NY)","09/29/12","439","Monmouth","55","24","Home"
"14","Albany (NY)","10/06/12","81","Bryant","31","14","Away"
"14","Albany (NY)","10/13/12","600","St. Francis (PA)","36","13","Home"
"14","Albany (NY)","10/27/12","590","Sacred Heart","23","20","Away"
"14","Albany (NY)","11/03/12","748","Wagner","0","30","Home"
"14","Albany (NY)","11/10/12","194","Duquesne","38","31","Away"
"14","Albany (NY)","11/17/12","127","Central Conn. St.","63","34","Home"
"17","Alcorn St.","09/01/12","261","Grambling","22","21","Home"
"17","Alcorn St.","09/08/12","317","James Madison","3","42","Away"
"17","Alcorn St.","09/15/12","2678","Ark.-Pine Bluff","6","24","Home"
"17","Alcorn St.","09/22/12","30","Arkansas St.","0","56","Away"
"17","Alcorn St.","09/29/12","7","Alabama St.","14","54","Home"
"17","Alcorn St.","10/06/12","665","Southern U.","20","17","Home"
"17","Alcorn St.","10/13/12","6","Alabama A&M","21","20","Away"
"17","Alcorn St.","10/20/12","553","Prairie View","37","52","Away"
"17","Alcorn St.","11/03/12","432","Mississippi Val.","9","33","Away"
"17","Alcorn St.","11/10/12","699","Texas Southern","34","24","Home"
"17","Alcorn St.","11/17/12","314","Jackson St.","11","37","Home"
"27","Appalachian St.","09/01/12","196","East Carolina","13","35","Away"
"27","Appalachian St.","09/08/12","441","Montana","35","27","Home"
"27","Appalachian St.","09/15/12","141","Citadel","28","52","Home"
"27","Appalachian St.","09/22/12","693","Chattanooga","34","17","Away"
"27","Appalachian St.","09/29/12","149","Coastal Caro.","55","14","Home"
"27","Appalachian St.","10/06/12","1068","Elon","35","23","Home"
"27","Appalachian St.","10/13/12","625","Samford","28","25","Away"
"27","Appalachian St.","10/20/12","2915","Wofford","28","38","Home"
"27","Appalachian St.","10/27/12","769","Western Caro.","38","27","Away"
"27","Appalachian St.","11/03/12","253","Ga. Southern","31","28","Away"
"27","Appalachian St.","11/10/12","244","Furman","33","28","Home"
"27","Appalachian St.","12/01/12","299","Illinois St.","37","38","Home"
"43","Austin Peay","09/01/12","772","Western Ky.","10","49","Away"
"43","Austin Peay","09/08/12","742","Virginia Tech","7","42","Away"
"43","Austin Peay","09/15/12","691","Tennessee St.","14","34","Away"
"43","Austin Peay","09/22/12","695","Tenn.-Martin","6","31","Home"
"43","Austin Peay","09/29/12","201","Eastern Ill.","15","65","Away"
"43","Austin Peay","10/06/12","454","Murray St.","14","52","Home"
"43","Austin Peay","10/13/12","202","Eastern Ky.","14","45","Away"
"43","Austin Peay","10/27/12","654","Southeast Mo. St.","27","48","Home"
"43","Austin Peay","11/03/12","506032","Culver-Stockton","56","0","Home"
"43","Austin Peay","11/10/12","315","Jacksonville St.","23","38","Away"
"43","Austin Peay","11/17/12","692","Tennessee Tech","38","31","Home"
"48","Charleston So.","09/01/12","141","Citadel","14","49","Away"
"48","Charleston So.","09/08/12","316","Jacksonville","10","31","Home"
"48","Charleston So.","09/15/12","301","Illinois","0","44","Away"
"48","Charleston So.","09/22/12","30151","Shorter","23","20","Away"
"48","Charleston So.","10/06/12","683","Stony Brook","7","49","Away"
"48","Charleston So.","10/13/12","741","VMI","32","14","Home"
"48","Charleston So.","10/20/12","1320","Presbyterian","31","21","Home"
"48","Charleston So.","10/27/12","501555","Edward Waters","42","7","Home"
"48","Charleston So.","11/03/12","355","Liberty","12","26","Away"
"48","Charleston So.","11/10/12","1092","Gardner-Webb","28","10","Home"
"48","Charleston So.","11/17/12","149","Coastal Caro.","20","41","Away"
"61","Bethune-Cookman","09/02/12","7","Alabama St.","38","28","Neutral Site"
"61","Bethune-Cookman","09/08/12","647","South Carolina St.","27","14","Away"
"61","Bethune-Cookman","09/15/12","415","Miami (FL)","10","38","Away"
"61","Bethune-Cookman","09/22/12","691","Tennessee St.","14","21","Home"
"61","Bethune-Cookman","09/29/12","270","Hampton","38","26","Away"
"61","Bethune-Cookman","10/06/12","488","N.C. A&T","28","12","Home"
"61","Bethune-Cookman","10/20/12","485","Norfolk St.","48","3","Home"
"61","Bethune-Cookman","10/27/12","489","N.C. Central","42","17","Home"
"61","Bethune-Cookman","11/03/12","446","Morgan St.","24","13","Away"
"61","Bethune-Cookman","11/10/12","632","Savannah St.","49","7","Away"
"61","Bethune-Cookman","11/17/12","228","Florida A&M","21","16","Neutral Site"
"61","Bethune-Cookman","11/24/12","149","Coastal Caro.","14","24","Home"
"80","Brown","09/15/12","285","Holy Cross","24","21","Away"
"80","Brown","09/22/12","275","Harvard","31","45","Home"
"80","Brown","09/29/12","251","Georgetown","37","10","Away"
"80","Brown","10/06/12","572","Rhode Island","17","7","Away"
"80","Brown","10/13/12","554","Princeton","0","19","Away"
"80","Brown","10/20/12","167","Cornell","21","14","Home"
"80","Brown","10/27/12","540","Penn","17","20","Away"
"80","Brown","11/03/12","813","Yale","20","0","Home"
"80","Brown","11/10/12","172","Dartmouth","28","24","Away"
"80","Brown","11/17/12","158","Columbia","22","6","Home"
"81","Bryant","09/01/12","386","Marist","10","35","Home"
"81","Bryant","09/08/12","600","St. Francis (PA)","28","39","Away"
"81","Bryant","09/15/12","380","Maine","7","51","Home"
"81","Bryant","09/22/12","194","Duquesne","21","35","Home"
"81","Bryant","09/29/12","748","Wagner","21","31","Away"
"81","Bryant","10/06/12","14","Albany (NY)","14","31","Home"
"81","Bryant","10/13/12","579","Robert Morris","38","35","Home"
"81","Bryant","10/20/12","439","Monmouth","27","24","Away"
"81","Bryant","11/03/12","590","Sacred Heart","34","14","Home"
"81","Bryant","11/10/12","127","Central Conn. St.","28","25","Away"
"81","Bryant","11/17/12","83","Bucknell","21","24","Away"
"83","Bucknell","09/08/12","386","Marist","19","17","Away"
"83","Bucknell","09/15/12","180","Delaware","3","19","Away"
"83","Bucknell","09/22/12","342","Lafayette","14","20","Home"
"83","Bucknell","09/29/12","167","Cornell","10","15","Home"
"83","Bucknell","10/06/12","285","Holy Cross","6","13","Away"
"83","Bucknell","10/13/12","275","Harvard","7","35","Away"
"83","Bucknell","10/20/12","352","Lehigh","19","42","Away"
"83","Bucknell","10/27/12","153","Colgate","33","47","Home"
"83","Bucknell","11/03/12","236","Fordham","27","24","Home"
"83","Bucknell","11/10/12","251","Georgetown","3","10","Away"
"83","Bucknell","11/17/12","81","Bryant","24","21","Home"
"87","Butler","08/30/12","771","Western Ill.","15","23","Away"
"87","Butler","09/08/12","2694","Franklin","42","13","Home"
"87","Butler","09/15/12","172","Dartmouth","7","35","Away"
"87","Butler","09/22/12","115","Campbell","35","14","Home"
"87","Butler","09/29/12","175","Dayton","21","11","Home"
"87","Butler","10/06/12","735","Valparaiso","56","17","Away"
"87","Butler","10/13/12","386","Marist","17","14","Away"
"87","Butler","10/20/12","444","Morehead St.","39","35","Home"
"87","Butler","10/27/12","173","Davidson","31","20","Away"
"87","Butler","11/03/12","316","Jacksonville","19","16","Home"
"87","Butler","11/10/12","189","Drake","20","45","Away"
"90","Cal Poly","09/01/12","627","San Diego","41","14","Home"
"90","Cal Poly","09/15/12","811","Wyoming","24","22","Away"
"90","Cal Poly","09/22/12","108","UC Davis","28","20","Home"
"90","Cal Poly","09/29/12","494","North Dakota","35","17","Away"
"90","Cal Poly","10/05/12","758","Weber St.","45","23","Away"
"90","Cal Poly","10/13/12","502","Northern Colo.","56","28","Home"
"90","Cal Poly","10/20/12","550","Portland St.","37","25","Home"
"90","Cal Poly","10/27/12","102","Sacramento St.","29","35","Away"
"90","Cal Poly","11/03/12","207","Eastern Wash.","17","34","Away"
"90","Cal Poly","11/10/12","294","Idaho St.","70","14","Home"
"90","Cal Poly","11/17/12","501","Northern Ariz.","42","34","Away"
"90","Cal Poly","12/01/12","624","Sam Houston St.","16","18","Away"
"102","Sacramento St.","08/30/12","472","New Mexico St.","19","49","Away"
"102","Sacramento St.","09/08/12","157","Colorado","30","28","Away"
"102","Sacramento St.","09/15/12","502","Northern Colo.","28","17","Home"
"102","Sacramento St.","09/22/12","494","North Dakota","13","35","Home"
"102","Sacramento St.","09/29/12","294","Idaho St.","54","31","Away"
"102","Sacramento St.","10/06/12","667","Southern Utah","27","22","Away"
"102","Sacramento St.","10/13/12","758","Weber St.","19","14","Home"
"102","Sacramento St.","10/20/12","207","Eastern Wash.","28","31","Away"
"102","Sacramento St.","10/27/12","90","Cal Poly","35","29","Home"
"102","Sacramento St.","11/03/12","440","Montana St.","17","20","Home"
"102","Sacramento St.","11/17/12","108","UC Davis","27","34","Away"
"108","UC Davis","08/30/12","30146","Azusa Pacific","41","3","Home"
"108","UC Davis","09/08/12","630","San Jose St.","13","45","Away"
"108","UC Davis","09/15/12","649","South Dakota St.","8","12","Away"
"108","UC Davis","09/22/12","90","Cal Poly","20","28","Away"
"108","UC Davis","09/29/12","758","Weber St.","37","13","Home"
"108","UC Davis","10/06/12","440","Montana St.","41","48","Home"
"108","UC Davis","10/13/12","294","Idaho St.","52","45","Away"
"108","UC Davis","10/20/12","501","Northern Ariz.","7","21","Away"
"108","UC Davis","10/27/12","550","Portland St.","21","49","Home"
"108","UC Davis","11/10/12","207","Eastern Wash.","28","31","Away"
"108","UC Davis","11/17/12","102","Sacramento St.","34","27","Home"
"115","Campbell","08/30/12","30151","Shorter","20","31","Home"
"115","Campbell","09/08/12","506181","Virginia-Wise","10","0","Home"
"115","Campbell","09/15/12","523","Old Dominion","14","70","Away"
"115","Campbell","09/22/12","87","Butler","14","35","Away"
"115","Campbell","09/29/12","189","Drake","7","35","Home"
"115","Campbell","10/13/12","627","San Diego","0","44","Away"
"115","Campbell","10/20/12","173","Davidson","21","28","Home"
"115","Campbell","10/27/12","444","Morehead St.","28","70","Away"
"115","Campbell","11/03/12","735","Valparaiso","21","41","Home"
"115","Campbell","11/10/12","316","Jacksonville","14","40","Away"
"115","Campbell","11/17/12","386","Marist","7","28","Home"
"127","Central Conn. St.","09/01/12","683","Stony Brook","17","49","Away"
"127","Central Conn. St.","09/08/12","352","Lehigh","14","35","Home"
"127","Central Conn. St.","09/15/12","469","New Hampshire","10","43","Away"
"127","Central Conn. St.","09/22/12","748","Wagner","13","31","Home"
"127","Central Conn. St.","09/29/12","590","Sacred Heart","21","34","Away"
"127","Central Conn. St.","10/13/12","194","Duquesne","38","31","Home"
"127","Central Conn. St.","10/20/12","579","Robert Morris","31","37","Away"
"127","Central Conn. St.","10/27/12","600","St. Francis (PA)","32","30","Home"
"127","Central Conn. St.","11/10/12","81","Bryant","25","28","Home"
"127","Central Conn. St.","11/17/12","14","Albany (NY)","34","63","Away"
"141","Citadel","09/01/12","48","Charleston So.","49","14","Home"
"141","Citadel","09/08/12","253","Ga. Southern","23","21","Home"
"141","Citadel","09/15/12","27","Appalachian St.","52","28","Away"
"141","Citadel","09/22/12","490","North Carolina St.","14","52","Away"
"141","Citadel","09/29/12","693","Chattanooga","10","28","Home"
"141","Citadel","10/06/12","625","Samford","7","38","Away"
"141","Citadel","10/13/12","769","Western Caro.","45","31","Home"
"141","Citadel","10/27/12","2915","Wofford","21","24","Away"
"141","Citadel","11/03/12","1068","Elon","38","24","Home"
"141","Citadel","11/10/12","741","VMI","27","24","Away"
"141","Citadel","11/17/12","244","Furman","42","20","Away"
"149","Coastal Caro.","09/01/12","488","N.C. A&T","29","13","Home"
"149","Coastal Caro.","09/08/12","244","Furman","47","45","Away"
"149","Coastal Caro.","09/15/12","202","Eastern Ky.","17","35","Home"
"149","Coastal Caro.","09/22/12","709","Toledo","28","38","Away"
"149","Coastal Caro.","09/29/12","27","Appalachian St.","14","55","Away"
"149","Coastal Caro.","10/13/12","683","Stony Brook","21","27","Home"
"149","Coastal Caro.","10/20/12","741","VMI","34","7","Away"
"149","Coastal Caro.","10/27/12","355","Liberty","36","12","Home"
"149","Coastal Caro.","11/03/12","1092","Gardner-Webb","55","33","Away"
"149","Coastal Caro.","11/10/12","1320","Presbyterian","65","7","Away"
"149","Coastal Caro.","11/17/12","48","Charleston So.","41","20","Home"
"149","Coastal Caro.","11/24/12","61","Bethune-Cookman","24","14","Away"
"149","Coastal Caro.","12/01/12","523","Old Dominion","35","63","Away"
"153","Colgate","09/01/12","14","Albany (NY)","23","40","Away"
"153","Colgate","09/08/12","650","South Dakota","21","31","Away"
"153","Colgate","09/15/12","590","Sacred Heart","35","14","Home"
"153","Colgate","09/22/12","683","Stony Brook","31","32","Away"
"153","Colgate","09/29/12","813","Yale","47","24","Away"
"153","Colgate","10/13/12","285","Holy Cross","51","35","Home"
"153","Colgate","10/20/12","251","Georgetown","57","36","Home"
"153","Colgate","10/27/12","83","Bucknell","47","33","Away"
"153","Colgate","11/03/12","342","Lafayette","65","41","Home"
"153","Colgate","11/10/12","352","Lehigh","35","24","Away"
"153","Colgate","11/17/12","236","Fordham","41","39","Away"
"153","Colgate","11/24/12","748","Wagner","20","31","Away"
"158","Columbia","09/15/12","386","Marist","10","9","Home"
"158","Columbia","09/22/12","236","Fordham","13","20","Home"
"158","Columbia","09/29/12","554","Princeton","6","33","Home"
"158","Columbia","10/06/12","352","Lehigh","14","35","Away"
"158","Columbia","10/13/12","540","Penn","20","24","Away"
"158","Columbia","10/20/12","172","Dartmouth","16","21","Home"
"158","Columbia","10/27/12","813","Yale","26","22","Home"
"158","Columbia","11/03/12","275","Harvard","0","69","Away"
"158","Columbia","11/10/12","167","Cornell","34","17","Home"
"158","Columbia","11/17/12","80","Brown","6","22","Away"
"167","Cornell","09/15/12","236","Fordham","27","34","Away"
"167","Cornell","09/22/12","813","Yale","45","6","Home"
"167","Cornell","09/29/12","83","Bucknell","15","10","Away"
"167","Cornell","10/06/12","275","Harvard","13","45","Away"
"167","Cornell","10/13/12","439","Monmouth","41","38","Home"
"167","Cornell","10/20/12","80","Brown","14","21","Away"
"167","Cornell","10/27/12","554","Princeton","37","35","Home"
"167","Cornell","11/03/12","172","Dartmouth","28","44","Home"
"167","Cornell","11/10/12","158","Columbia","17","34","Away"
"167","Cornell","11/17/12","540","Penn","28","35","Home"
"172","Dartmouth","09/15/12","87","Butler","35","7","Home"
"172","Dartmouth","09/22/12","285","Holy Cross","13","10","Away"
"172","Dartmouth","09/29/12","540","Penn","21","28","Home"
"172","Dartmouth","10/06/12","813","Yale","34","14","Away"
"172","Dartmouth","10/13/12","590","Sacred Heart","10","27","Home"
"172","Dartmouth","10/20/12","158","Columbia","21","16","Away"
"172","Dartmouth","10/27/12","275","Harvard","14","31","Home"
"172","Dartmouth","11/03/12","167","Cornell","44","28","Away"
"172","Dartmouth","11/10/12","80","Brown","24","28","Home"
"172","Dartmouth","11/17/12","554","Princeton","35","21","Away"
"173","Davidson","09/01/12","251","Georgetown","14","35","Home"
"173","Davidson","09/08/12","1170","Lenoir-Rhyne","2","20","Away"
"173","Davidson","09/22/12","386","Marist","21","34","Away"
"173","Davidson","09/29/12","1320","Presbyterian","13","28","Home"
"173","Davidson","10/06/12","175","Dayton","3","38","Home"
"173","Davidson","10/13/12","316","Jacksonville","24","34","Home"
"173","Davidson","10/20/12","115","Campbell","28","21","Away"
"173","Davidson","10/27/12","87","Butler","20","31","Home"
"173","Davidson","11/03/12","444","Morehead St.","14","49","Away"
"173","Davidson","11/10/12","735","Valparaiso","28","27","Away"
"173","Davidson","11/17/12","627","San Diego","10","17","Home"
"175","Dayton","09/01/12","299","Illinois St.","14","56","Away"
"175","Dayton","09/08/12","194","Duquesne","7","17","Away"
"175","Dayton","09/15/12","579","Robert Morris","20","14","Home"
"175","Dayton","09/22/12","316","Jacksonville","17","21","Home"
"175","Dayton","09/29/12","87","Butler","11","21","Away"
"175","Dayton","10/06/12","173","Davidson","38","3","Away"
"175","Dayton","10/13/12","444","Morehead St.","41","27","Home"
"175","Dayton","10/20/12","735","Valparaiso","45","0","Home"
"175","Dayton","10/27/12","627","San Diego","9","41","Away"
"175","Dayton","11/03/12","189","Drake","28","13","Home"
"175","Dayton","11/10/12","386","Marist","21","17","Away"
"178","Delaware St.","09/01/12","741","VMI","17","10","Home"
"178","Delaware St.","09/08/12","180","Delaware","14","38","Away"
"178","Delaware St.","09/15/12","140","Cincinnati","7","23","Away"
"178","Delaware St.","09/22/12","228","Florida A&M","22","24","Home"
"178","Delaware St.","10/06/12","485","Norfolk St.","20","17","Away"
"178","Delaware St.","10/13/12","647","South Carolina St.","31","17","Home"
"178","Delaware St.","10/20/12","488","N.C. A&T","24","0","Home"
"178","Delaware St.","10/25/12","446","Morgan St.","28","23","Away"
"178","Delaware St.","11/03/12","489","N.C. Central","20","23","Away"
"178","Delaware St.","11/10/12","270","Hampton","35","27","Home"
"178","Delaware St.","11/17/12","290","Howard","34","41","Away"
"180","Delaware","08/30/12","765","West Chester","41","21","Home"
"180","Delaware","09/08/12","178","Delaware St.","38","14","Home"
"180","Delaware","09/15/12","83","Bucknell","19","3","Home"
"180","Delaware","09/22/12","786","William & Mary","51","21","Away"
"180","Delaware","09/29/12","469","New Hampshire","14","34","Away"
"180","Delaware","10/06/12","380","Maine","3","26","Home"
"180","Delaware","10/20/12","572","Rhode Island","47","24","Home"
"180","Delaware","10/27/12","523","Old Dominion","26","31","Away"
"180","Delaware","11/03/12","711","Towson","27","34","Home"
"180","Delaware","11/10/12","575","Richmond","17","23","Away"
"180","Delaware","11/17/12","739","Villanova","10","41","Home"
"189","Drake","08/30/12","501982","Grand View","28","8","Home"
"189","Drake","09/08/12","440","Montana St.","24","34","Home"
"189","Drake","09/15/12","305","Indiana St.","10","27","Away"
"189","Drake","09/22/12","444","Morehead St.","28","25","Home"
"189","Drake","09/29/12","115","Campbell","35","7","Away"
"189","Drake","10/06/12","627","San Diego","38","10","Home"
"189","Drake","10/13/12","735","Valparaiso","35","21","Away"
"189","Drake","10/20/12","386","Marist","34","27","Home"
"189","Drake","11/03/12","175","Dayton","13","28","Away"
"189","Drake","11/10/12","87","Butler","45","20","Home"
"189","Drake","11/17/12","316","Jacksonville","32","29","Away"
"194","Duquesne","09/01/12","523","Old Dominion","23","57","Away"
"194","Duquesne","09/08/12","175","Dayton","17","7","Home"
"194","Duquesne","09/15/12","735","Valparaiso","45","17","Away"
"194","Duquesne","09/22/12","81","Bryant","35","21","Away"
"194","Duquesne","09/29/12","600","St. Francis (PA)","24","21","Home"
"194","Duquesne","10/13/12","127","Central Conn. St.","31","38","Away"
"194","Duquesne","10/20/12","590","Sacred Heart","35","3","Home"
"194","Duquesne","10/27/12","439","Monmouth","27","28","Home"
"194","Duquesne","11/03/12","579","Robert Morris","13","17","Away"
"194","Duquesne","11/10/12","14","Albany (NY)","31","38","Home"
"194","Duquesne","11/17/12","748","Wagner","17","23","Away"
"201","Eastern Ill.","08/30/12","659","Southern Ill.","49","28","Home"
"201","Eastern Ill.","09/08/12","774","Western Mich.","21","52","Away"
"201","Eastern Ill.","09/15/12","299","Illinois St.","51","54","Away"
"201","Eastern Ill.","09/22/12","454","Murray St.","50","49","Home"
"201","Eastern Ill.","09/29/12","43","Austin Peay","65","15","Home"
"201","Eastern Ill.","10/06/12","695","Tenn.-Martin","37","51","Away"
"201","Eastern Ill.","10/13/12","315","Jacksonville St.","31","28","Home"
"201","Eastern Ill.","10/27/12","202","Eastern Ky.","24","7","Away"
"201","Eastern Ill.","11/03/12","692","Tennessee Tech","31","24","Away"
"201","Eastern Ill.","11/10/12","654","Southeast Mo. St.","39","20","Home"
"201","Eastern Ill.","11/17/12","1004","Central Ark.","30","48","Away"
"201","Eastern Ill.","11/24/12","649","South Dakota St.","10","58","Away"
"202","Eastern Ky.","09/01/12","559","Purdue","6","48","Away"
"202","Eastern Ky.","09/08/12","444","Morehead St.","24","17","Home"
"202","Eastern Ky.","09/15/12","149","Coastal Caro.","35","17","Away"
"202","Eastern Ky.","09/22/12","315","Jacksonville St.","51","21","Home"
"202","Eastern Ky.","09/29/12","695","Tenn.-Martin","28","16","Away"
"202","Eastern Ky.","10/06/12","691","Tennessee St.","20","23","Away"
"202","Eastern Ky.","10/13/12","43","Austin Peay","45","14","Home"
"202","Eastern Ky.","10/20/12","692","Tennessee Tech","42","28","Away"
"202","Eastern Ky.","10/27/12","201","Eastern Ill.","7","24","Home"
"202","Eastern Ky.","11/03/12","654","Southeast Mo. St.","31","7","Away"
"202","Eastern Ky.","11/10/12","454","Murray St.","55","24","Home"
"207","Eastern Wash.","08/30/12","295","Idaho","20","3","Away"
"207","Eastern Wash.","09/08/12","754","Washington St.","20","24","Away"
"207","Eastern Wash.","09/22/12","758","Weber St.","32","26","Away"
"207","Eastern Wash.","09/29/12","441","Montana","32","26","Home"
"207","Eastern Wash.","10/06/12","494","North Dakota","55","17","Home"
"207","Eastern Wash.","10/13/12","440","Montana St.","27","24","Away"
"207","Eastern Wash.","10/20/12","102","Sacramento St.","31","28","Home"
"207","Eastern Wash.","10/27/12","667","Southern Utah","27","30","Away"
"207","Eastern Wash.","11/03/12","90","Cal Poly","34","17","Home"
"207","Eastern Wash.","11/10/12","108","UC Davis","31","28","Home"
"207","Eastern Wash.","11/17/12","550","Portland St.","41","34","Away"
"207","Eastern Wash.","12/01/12","748","Wagner","29","19","Home"
"207","Eastern Wash.","12/08/12","299","Illinois St.","51","35","Home"
"207","Eastern Wash.","12/15/12","624","Sam Houston St.","42","45","Home"
"228","Florida A&M","09/01/12","691","Tennessee St.","14","17","Away"
"228","Florida A&M","09/08/12","522","Oklahoma","13","69","Away"
"228","Florida A&M","09/15/12","270","Hampton","44","20","Home"
"228","Florida A&M","09/22/12","178","Delaware St.","24","22","Away"
"228","Florida A&M","09/29/12","665","Southern U.","14","21","Away"
"228","Florida A&M","10/06/12","290","Howard","10","17","Away"
"228","Florida A&M","10/13/12","632","Savannah St.","44","3","Home"
"228","Florida A&M","10/20/12","647","South Carolina St.","20","27","Home"
"228","Florida A&M","11/03/12","488","N.C. A&T","3","16","Away"
"228","Florida A&M","11/10/12","489","N.C. Central","22","21","Home"
"228","Florida A&M","11/17/12","61","Bethune-Cookman","16","21","Neutral Site"
"236","Fordham","08/30/12","360","Lock Haven","55","0","Home"
"236","Fordham","09/08/12","739","Villanova","13","28","Away"
"236","Fordham","09/15/12","167","Cornell","34","27","Home"
"236","Fordham","09/22/12","158","Columbia","20","13","Away"
"236","Fordham","09/29/12","352","Lehigh","31","34","Away"
"236","Fordham","10/06/12","251","Georgetown","38","31","Home"
"236","Fordham","10/13/12","140","Cincinnati","17","49","Away"
"236","Fordham","10/27/12","285","Holy Cross","36","32","Away"
"236","Fordham","11/03/12","83","Bucknell","24","27","Away"
"236","Fordham","11/10/12","342","Lafayette","36","27","Home"
"236","Fordham","11/17/12","153","Colgate","39","41","Home"
"244","Furman","09/01/12","625","Samford","21","24","Away"
"244","Furman","09/08/12","149","Coastal Caro.","45","47","Home"
"244","Furman","09/15/12","147","Clemson","7","41","Away"
"244","Furman","09/22/12","1320","Presbyterian","31","21","Away"
"244","Furman","09/29/12","769","Western Caro.","45","24","Home"
"244","Furman","10/06/12","2915","Wofford","17","20","Away"
"244","Furman","10/13/12","693","Chattanooga","10","31","Home"
"244","Furman","10/20/12","253","Ga. Southern","17","38","Home"
"244","Furman","10/27/12","1068","Elon","31","17","Away"
"244","Furman","11/10/12","27","Appalachian St.","28","33","Away"
"244","Furman","11/17/12","141","Citadel","20","42","Home"
"251","Georgetown","09/01/12","173","Davidson","35","14","Away"
"251","Georgetown","09/08/12","748","Wagner","13","10","Home"
"251","Georgetown","09/15/12","813","Yale","21","24","Home"
"251","Georgetown","09/21/12","554","Princeton","21","20","Away"
"251","Georgetown","09/29/12","80","Brown","10","37","Home"
"251","Georgetown","10/06/12","236","Fordham","31","38","Away"
"251","Georgetown","10/13/12","352","Lehigh","14","17","Home"
"251","Georgetown","10/20/12","153","Colgate","36","57","Away"
"251","Georgetown","10/27/12","342","Lafayette","20","17","Away"
"251","Georgetown","11/10/12","83","Bucknell","10","3","Home"
"251","Georgetown","11/17/12","285","Holy Cross","0","24","Home"
"253","Ga. Southern","09/01/12","316","Jacksonville","58","0","Home"
"253","Ga. Southern","09/08/12","141","Citadel","21","23","Away"
"253","Ga. Southern","09/22/12","1068","Elon","26","23","Home"
"253","Ga. Southern","09/29/12","625","Samford","35","16","Home"
"253","Ga. Southern","10/06/12","769","Western Caro.","45","13","Away"
"253","Ga. Southern","10/13/12","2915","Wofford","17","9","Home"
"253","Ga. Southern","10/20/12","244","Furman","38","17","Away"
"253","Ga. Southern","10/27/12","693","Chattanooga","39","31","Away"
"253","Ga. Southern","11/03/12","27","Appalachian St.","28","31","Home"
"253","Ga. Southern","11/10/12","290","Howard","69","26","Home"
"253","Ga. Southern","11/17/12","257","Georgia","14","45","Away"
"253","Ga. Southern","12/01/12","1004","Central Ark.","24","16","Home"
"253","Ga. Southern","12/08/12","523","Old Dominion","49","35","Away"
"253","Ga. Southern","12/14/12","493","North Dakota St.","20","23","Away"
"254","Georgia St.","08/30/12","647","South Carolina St.","6","33","Home"
"254","Georgia St.","09/08/12","694","Tennessee","13","51","Away"
"254","Georgia St.","09/15/12","706","UTSA","14","38","Home"
"254","Georgia St.","09/22/12","575","Richmond","14","35","Home"
"254","Georgia St.","09/29/12","786","William & Mary","3","35","Away"
"254","Georgia St.","10/06/12","469","New Hampshire","21","44","Home"
"254","Georgia St.","10/13/12","572","Rhode Island","41","7","Away"
"254","Georgia St.","10/20/12","739","Villanova","24","49","Home"
"254","Georgia St.","10/27/12","317","James Madison","21","28","Away"
"254","Georgia St.","11/03/12","523","Old Dominion","27","53","Home"
"254","Georgia St.","11/10/12","380","Maine","7","51","Away"
"261","Grambling","09/01/12","17","Alcorn St.","21","22","Away"
"261","Grambling","09/08/12","698","TCU","0","56","Away"
"261","Grambling","09/15/12","7","Alabama St.","18","19","Home"
"261","Grambling","09/29/12","6","Alabama A&M","17","38","Away"
"261","Grambling","10/06/12","553","Prairie View","14","31","Neutral Site"
"261","Grambling","10/13/12","432","Mississippi Val.","21","45","Away"
"261","Grambling","10/20/12","506391","Virginia-Lynchburg","22","7","Home"
"261","Grambling","10/27/12","699","Texas Southern","20","23","Away"
"261","Grambling","11/03/12","314","Jackson St.","17","53","Home"
"261","Grambling","11/10/12","2678","Ark.-Pine Bluff","17","24","Home"
"261","Grambling","11/24/12","665","Southern U.","33","38","Neutral Site"
"270","Hampton","08/30/12","692","Tennessee Tech","31","41","Away"
"270","Hampton","09/08/12","523","Old Dominion","7","45","Home"
"270","Hampton","09/15/12","228","Florida A&M","20","44","Away"
"270","Hampton","09/29/12","61","Bethune-Cookman","26","38","Home"
"270","Hampton","10/13/12","485","Norfolk St.","28","14","Home"
"270","Hampton","10/18/12","489","N.C. Central","20","37","Away"
"270","Hampton","10/27/12","632","Savannah St.","21","13","Home"
"270","Hampton","11/03/12","290","Howard","10","20","Away"
"270","Hampton","11/10/12","178","Delaware St.","27","35","Away"
"270","Hampton","11/17/12","446","Morgan St.","27","17","Away"
"275","Harvard","09/15/12","627","San Diego","28","13","Home"
"275","Harvard","09/22/12","80","Brown","45","31","Away"
"275","Harvard","09/28/12","285","Holy Cross","52","3","Home"
"275","Harvard","10/06/12","167","Cornell","45","13","Home"
"275","Harvard","10/13/12","83","Bucknell","35","7","Home"
"275","Harvard","10/20/12","554","Princeton","34","39","Away"
"275","Harvard","10/27/12","172","Dartmouth","31","14","Away"
"275","Harvard","11/03/12","158","Columbia","69","0","Home"
"275","Harvard","11/10/12","540","Penn","21","30","Away"
"275","Harvard","11/17/12","813","Yale","34","24","Home"
"285","Holy Cross","08/30/12","469","New Hampshire","17","38","Home"
"285","Holy Cross","09/15/12","80","Brown","21","24","Home"
"285","Holy Cross","09/22/12","172","Dartmouth","10","13","Home"
"285","Holy Cross","09/28/12","275","Harvard","3","52","Away"
"285","Holy Cross","10/06/12","83","Bucknell","13","6","Home"
"285","Holy Cross","10/13/12","153","Colgate","35","51","Away"
"285","Holy Cross","10/20/12","342","Lafayette","13","30","Away"
"285","Holy Cross","10/27/12","236","Fordham","32","36","Home"
"285","Holy Cross","11/03/12","352","Lehigh","35","36","Home"
"285","Holy Cross","11/10/12","748","Wagner","30","31","Away"
"285","Holy Cross","11/17/12","251","Georgetown","24","0","Away"
"290","Howard","09/01/12","445","Morehouse","30","29","Home"
"290","Howard","09/08/12","587","Rutgers","0","26","Away"
"290","Howard","09/15/12","485","Norfolk St.","37","36","Away"
"290","Howard","09/29/12","632","Savannah St.","56","9","Home"
"290","Howard","10/06/12","228","Florida A&M","17","10","Home"
"290","Howard","10/13/12","488","N.C. A&T","10","38","Away"
"290","Howard","10/20/12","446","Morgan St.","21","20","Home"
"290","Howard","10/27/12","647","South Carolina St.","23","41","Away"
"290","Howard","11/03/12","270","Hampton","20","10","Home"
"290","Howard","11/10/12","253","Ga. Southern","26","69","Away"
"290","Howard","11/17/12","178","Delaware St.","41","34","Home"
"294","Idaho St.","09/01/12","721","Air Force","21","49","Away"
"294","Idaho St.","09/08/12","30134","Black Hills St.","38","5","Home"
"294","Idaho St.","09/22/12","463","Nebraska","7","73","Away"
"294","Idaho St.","09/29/12","102","Sacramento St.","31","54","Home"
"294","Idaho St.","10/06/12","550","Portland St.","10","77","Away"
"294","Idaho St.","10/13/12","108","UC Davis","45","52","Home"
"294","Idaho St.","10/20/12","502","Northern Colo.","14","52","Away"
"294","Idaho St.","10/27/12","441","Montana","24","70","Away"
"294","Idaho St.","11/03/12","501","Northern Ariz.","10","50","Home"
"294","Idaho St.","11/10/12","90","Cal Poly","14","70","Away"
"294","Idaho St.","11/17/12","758","Weber St.","14","40","Home"
"299","Illinois St.","09/01/12","175","Dayton","56","14","Home"
"299","Illinois St.","09/08/12","204","Eastern Mich.","31","14","Away"
"299","Illinois St.","09/15/12","201","Eastern Ill.","54","51","Home"
"299","Illinois St.","09/22/12","771","Western Ill.","23","3","Away"
"299","Illinois St.","09/29/12","650","South Dakota","34","31","Away"
"299","Illinois St.","10/06/12","659","Southern Ill.","0","17","Home"
"299","Illinois St.","10/13/12","817","Youngstown St.","35","28","Home"
"299","Illinois St.","10/20/12","669","Missouri St.","17","24","Home"
"299","Illinois St.","10/27/12","504","UNI","33","21","Away"
"299","Illinois St.","11/03/12","305","Indiana St.","17","10","Away"
"299","Illinois St.","11/17/12","493","North Dakota St.","20","38","Home"
"299","Illinois St.","12/01/12","27","Appalachian St.","38","37","Away"
"299","Illinois St.","12/08/12","207","Eastern Wash.","35","51","Away"
"305","Indiana St.","09/01/12","306","Indiana","17","24","Away"
"305","Indiana St.","09/08/12","561","Quincy","44","0","Home"
"305","Indiana St.","09/15/12","189","Drake","27","10","Home"
"305","Indiana St.","09/22/12","649","South Dakota St.","10","24","Home"
"305","Indiana St.","09/29/12","659","Southern Ill.","24","3","Away"
"305","Indiana St.","10/06/12","669","Missouri St.","31","17","Home"
"305","Indiana St.","10/13/12","493","North Dakota St.","17","14","Away"
"305","Indiana St.","10/20/12","771","Western Ill.","23","7","Away"
"305","Indiana St.","10/27/12","650","South Dakota","45","14","Home"
"305","Indiana St.","11/03/12","299","Illinois St.","10","17","Home"
"305","Indiana St.","11/17/12","817","Youngstown St.","6","27","Away"
"314","Jackson St.","09/01/12","430","Mississippi St.","9","56","Away"
"314","Jackson St.","09/08/12","691","Tennessee St.","12","38","Neutral Site"
"314","Jackson St.","09/15/12","699","Texas Southern","45","35","Away"
"314","Jackson St.","09/22/12","665","Southern U.","21","28","Home"
"314","Jackson St.","09/29/12","553","Prairie View","34","13","Home"
"314","Jackson St.","10/06/12","2678","Ark.-Pine Bluff","24","34","Away"
"314","Jackson St.","10/13/12","7","Alabama St.","37","34","Away"
"314","Jackson St.","10/20/12","432","Mississippi Val.","14","7","Home"
"314","Jackson St.","11/03/12","261","Grambling","53","17","Away"
"314","Jackson St.","11/10/12","6","Alabama A&M","35","21","Home"
"314","Jackson St.","11/17/12","17","Alcorn St.","37","11","Away"
"314","Jackson St.","12/08/12","2678","Ark.-Pine Bluff","21","24","Neutral Site"
"315","Jacksonville St.","09/01/12","31","Arkansas","24","49","Away"
"315","Jacksonville St.","09/08/12","693","Chattanooga","27","24","Home"
"315","Jacksonville St.","09/22/12","202","Eastern Ky.","21","51","Away"
"315","Jacksonville St.","09/29/12","654","Southeast Mo. St.","31","16","Home"
"315","Jacksonville St.","10/06/12","692","Tennessee Tech","37","28","Away"
"315","Jacksonville St.","10/13/12","201","Eastern Ill.","28","31","Away"
"315","Jacksonville St.","10/20/12","691","Tennessee St.","31","28","Home"
"315","Jacksonville St.","10/27/12","454","Murray St.","38","35","Home"
"315","Jacksonville St.","11/03/12","695","Tenn.-Martin","47","49","Away"
"315","Jacksonville St.","11/10/12","43","Austin Peay","38","23","Home"
"315","Jacksonville St.","11/17/12","235","Florida","0","23","Away"
"316","Jacksonville","09/01/12","253","Ga. Southern","0","58","Away"
"316","Jacksonville","09/08/12","48","Charleston So.","31","10","Away"
"316","Jacksonville","09/15/12","505632","Webber Int'l","33","10","Home"
"316","Jacksonville","09/22/12","175","Dayton","21","17","Away"
"316","Jacksonville","09/29/12","386","Marist","26","14","Home"
"316","Jacksonville","10/06/12","444","Morehead St.","38","17","Away"
"316","Jacksonville","10/13/12","173","Davidson","34","24","Away"
"316","Jacksonville","10/20/12","627","San Diego","7","24","Home"
"316","Jacksonville","11/03/12","87","Butler","16","19","Away"
"316","Jacksonville","11/10/12","115","Campbell","40","14","Home"
"316","Jacksonville","11/17/12","189","Drake","29","32","Home"
"317","James Madison","09/01/12","600","St. Francis (PA)","55","7","Home"
"317","James Madison","09/08/12","17","Alcorn St.","42","3","Home"
"317","James Madison","09/15/12","768","West Virginia","12","42","Away"
"317","James Madison","09/22/12","572","Rhode Island","32","7","Away"
"317","James Madison","10/06/12","711","Towson","13","10","Home"
"317","James Madison","10/13/12","786","William & Mary","27","26","Home"
"317","James Madison","10/20/12","575","Richmond","29","35","Away"
"317","James Madison","10/27/12","254","Georgia St.","28","21","Home"
"317","James Madison","11/03/12","380","Maine","31","7","Away"
"317","James Madison","11/10/12","739","Villanova","20","35","Away"
"317","James Madison","11/17/12","523","Old Dominion","28","38","Home"
"342","Lafayette","09/08/12","786","William & Mary","17","14","Away"
"342","Lafayette","09/15/12","540","Penn","28","21","Home"
"342","Lafayette","09/22/12","83","Bucknell","20","14","Away"
"342","Lafayette","09/29/12","579","Robert Morris","28","31","Away"
"342","Lafayette","10/06/12","554","Princeton","14","35","Home"
"342","Lafayette","10/13/12","813","Yale","20","10","Away"
"342","Lafayette","10/20/12","285","Holy Cross","30","13","Home"
"342","Lafayette","10/27/12","251","Georgetown","17","20","Home"
"342","Lafayette","11/03/12","153","Colgate","41","65","Away"
"342","Lafayette","11/10/12","236","Fordham","27","36","Away"
"342","Lafayette","11/17/12","352","Lehigh","21","38","Home"
"346","Lamar","09/01/12","671","La.-Lafayette","0","40","Away"
"346","Lamar","09/08/12","553","Prairie View","31","0","Home"
"346","Lamar","09/15/12","277","Hawaii","2","54","Away"
"346","Lamar","09/22/12","506054","Langston","31","0","Home"
"346","Lamar","09/29/12","655","Southeastern La.","21","31","Home"
"346","Lamar","10/06/12","508","Northwestern St.","23","30","Away"
"346","Lamar","10/13/12","8530","McMurry","52","21","Home"
"346","Lamar","10/20/12","1004","Central Ark.","14","24","Away"
"346","Lamar","10/27/12","624","Sam Houston St.","7","56","Home"
"346","Lamar","11/03/12","676","Stephen F. Austin","26","40","Away"
"346","Lamar","11/10/12","483","Nicholls St.","34","24","Home"
"346","Lamar","11/17/12","402","McNeese St.","0","35","Away"
"352","Lehigh","09/01/12","439","Monmouth","27","17","Home"
"352","Lehigh","09/08/12","127","Central Conn. St.","35","14","Away"
"352","Lehigh","09/15/12","554","Princeton","17","14","Home"
"352","Lehigh","09/22/12","355","Liberty","28","26","Away"
"352","Lehigh","09/29/12","236","Fordham","34","31","Home"
"352","Lehigh","10/06/12","158","Columbia","35","14","Home"
"352","Lehigh","10/13/12","251","Georgetown","17","14","Away"
"352","Lehigh","10/20/12","83","Bucknell","42","19","Home"
"352","Lehigh","11/03/12","285","Holy Cross","36","35","Away"
"352","Lehigh","11/10/12","153","Colgate","24","35","Home"
"352","Lehigh","11/17/12","342","Lafayette","38","21","Away"
"355","Liberty","09/01/12","749","Wake Forest","17","20","Away"
"355","Liberty","09/08/12","485","Norfolk St.","24","31","Home"
"355","Liberty","09/15/12","441","Montana","14","34","Away"
"355","Liberty","09/22/12","352","Lehigh","26","28","Home"
"355","Liberty","10/06/12","1092","Gardner-Webb","42","35","Home"
"355","Liberty","10/13/12","1320","Presbyterian","56","7","Away"
"355","Liberty","10/20/12","1028","Concord","21","13","Home"
"355","Liberty","10/27/12","149","Coastal Caro.","12","36","Away"
"355","Liberty","11/03/12","48","Charleston So.","26","12","Home"
"355","Liberty","11/10/12","683","Stony Brook","28","14","Home"
"355","Liberty","11/17/12","741","VMI","33","14","Away"
"380","Maine","09/08/12","67","Boston College","3","34","Away"
"380","Maine","09/15/12","81","Bryant","51","7","Away"
"380","Maine","09/22/12","14","Albany (NY)","20","30","Home"
"380","Maine","09/29/12","739","Villanova","14","35","Home"
"380","Maine","10/06/12","180","Delaware","26","3","Away"
"380","Maine","10/13/12","711","Towson","19","24","Away"
"380","Maine","10/20/12","469","New Hampshire","21","28","Home"
"380","Maine","10/27/12","786","William & Mary","24","10","Away"
"380","Maine","11/03/12","317","James Madison","7","31","Home"
"380","Maine","11/10/12","254","Georgia St.","51","7","Home"
"380","Maine","11/17/12","572","Rhode Island","55","6","Away"
"386","Marist","09/01/12","81","Bryant","35","10","Away"
"386","Marist","09/08/12","83","Bucknell","17","19","Home"
"386","Marist","09/15/12","158","Columbia","9","10","Away"
"386","Marist","09/22/12","173","Davidson","34","21","Home"
"386","Marist","09/29/12","316","Jacksonville","14","26","Away"
"386","Marist","10/13/12","87","Butler","14","17","Home"
"386","Marist","10/20/12","189","Drake","27","34","Away"
"386","Marist","10/27/12","735","Valparaiso","44","7","Away"
"386","Marist","11/10/12","175","Dayton","17","21","Home"
"386","Marist","11/17/12","115","Campbell","28","7","Away"
"386","Marist","12/01/12","627","San Diego","10","34","Home"
"402","McNeese St.","08/30/12","419","Middle Tenn.","27","21","Away"
"402","McNeese St.","09/08/12","8530","McMurry","69","7","Home"
"402","McNeese St.","09/15/12","758","Weber St.","35","21","Away"
"402","McNeese St.","09/22/12","655","Southeastern La.","24","25","Away"
"402","McNeese St.","09/29/12","508","Northwestern St.","30","22","Home"
"402","McNeese St.","10/13/12","1004","Central Ark.","26","27","Home"
"402","McNeese St.","10/20/12","624","Sam Houston St.","10","45","Away"
"402","McNeese St.","10/27/12","676","Stephen F. Austin","35","24","Home"
"402","McNeese St.","11/03/12","483","Nicholls St.","42","10","Away"
"402","McNeese St.","11/10/12","706","UTSA","24","31","Away"
"402","McNeese St.","11/17/12","346","Lamar","35","0","Home"
"432","Mississippi Val.","09/01/12","506112","Concordia-Selma","19","20","Home"
"432","Mississippi Val.","09/08/12","7","Alabama St.","7","29","Away"
"432","Mississippi Val.","09/13/12","665","Southern U.","6","0","Away"
"432","Mississippi Val.","09/22/12","508","Northwestern St.","14","45","Away"
"432","Mississippi Val.","10/06/12","6","Alabama A&M","0","35","Home"
"432","Mississippi Val.","10/13/12","261","Grambling","45","21","Home"
"432","Mississippi Val.","10/20/12","314","Jackson St.","7","14","Away"
"432","Mississippi Val.","10/27/12","2678","Ark.-Pine Bluff","0","10","Away"
"432","Mississippi Val.","11/03/12","17","Alcorn St.","33","9","Home"
"432","Mississippi Val.","11/10/12","553","Prairie View","22","20","Home"
"432","Mississippi Val.","11/17/12","699","Texas Southern","34","3","Away"
"439","Monmouth","09/01/12","352","Lehigh","17","27","Away"
"439","Monmouth","09/08/12","572","Rhode Island","41","6","Home"
"439","Monmouth","09/15/12","748","Wagner","38","17","Away"
"439","Monmouth","09/22/12","590","Sacred Heart","27","14","Home"
"439","Monmouth","09/29/12","14","Albany (NY)","24","55","Away"
"439","Monmouth","10/13/12","167","Cornell","38","41","Away"
"439","Monmouth","10/20/12","81","Bryant","24","27","Home"
"439","Monmouth","10/27/12","194","Duquesne","28","27","Away"
"439","Monmouth","11/10/12","600","St. Francis (PA)","31","45","Home"
"439","Monmouth","11/17/12","579","Robert Morris","26","21","Away"
"440","Montana St.","08/30/12","1012","Chadron St.","33","6","Home"
"440","Montana St.","09/08/12","189","Drake","34","24","Away"
"440","Montana St.","09/15/12","676","Stephen F. Austin","43","35","Home"
"440","Montana St.","09/22/12","502","Northern Colo.","41","16","Home"
"440","Montana St.","09/29/12","667","Southern Utah","24","17","Away"
"440","Montana St.","10/06/12","108","UC Davis","48","41","Away"
"440","Montana St.","10/13/12","207","Eastern Wash.","24","27","Home"
"440","Montana St.","10/27/12","494","North Dakota","55","10","Home"
"440","Montana St.","11/03/12","102","Sacramento St.","20","17","Away"
"440","Montana St.","11/10/12","550","Portland St.","65","30","Home"
"440","Montana St.","11/17/12","441","Montana","16","7","Away"
"440","Montana St.","12/01/12","683","Stony Brook","16","10","Home"
"440","Montana St.","12/07/12","624","Sam Houston St.","16","34","Home"
"441","Montana","09/01/12","650","South Dakota","35","24","Home"
"441","Montana","09/08/12","27","Appalachian St.","27","35","Away"
"441","Montana","09/15/12","355","Liberty","34","14","Home"
"441","Montana","09/22/12","501","Northern Ariz.","31","41","Home"
"441","Montana","09/29/12","207","Eastern Wash.","26","32","Away"
"441","Montana","10/06/12","502","Northern Colo.","40","17","Away"
"441","Montana","10/13/12","667","Southern Utah","20","30","Home"
"441","Montana","10/20/12","494","North Dakota","34","40","Away"
"441","Montana","10/27/12","294","Idaho St.","70","24","Home"
"441","Montana","11/03/12","758","Weber St.","24","21","Away"
"441","Montana","11/17/12","440","Montana St.","7","16","Home"
"444","Morehead St.","08/30/12","30164","Southern Va.","55","0","Home"
"444","Morehead St.","09/08/12","202","Eastern Ky.","17","24","Away"
"444","Morehead St.","09/15/12","600","St. Francis (PA)","23","57","Home"
"444","Morehead St.","09/22/12","189","Drake","25","28","Away"
"444","Morehead St.","10/06/12","316","Jacksonville","17","38","Home"
"444","Morehead St.","10/13/12","175","Dayton","27","41","Away"
"444","Morehead St.","10/20/12","87","Butler","35","39","Away"
"444","Morehead St.","10/27/12","115","Campbell","70","28","Home"
"444","Morehead St.","11/03/12","173","Davidson","49","14","Home"
"444","Morehead St.","11/10/12","627","San Diego","28","41","Away"
"444","Morehead St.","11/17/12","735","Valparaiso","76","24","Home"
"446","Morgan St.","09/01/12","590","Sacred Heart","30","27","Home"
"446","Morgan St.","09/08/12","86","Buffalo","34","56","Away"
"446","Morgan St.","09/15/12","5","Akron","6","66","Away"
"446","Morgan St.","09/27/12","488","N.C. A&T","21","18","Away"
"446","Morgan St.","10/06/12","632","Savannah St.","45","6","Away"
"446","Morgan St.","10/13/12","489","N.C. Central","20","24","Home"
"446","Morgan St.","10/20/12","290","Howard","20","21","Away"
"446","Morgan St.","10/25/12","178","Delaware St.","23","28","Home"
"446","Morgan St.","11/03/12","61","Bethune-Cookman","13","24","Home"
"446","Morgan St.","11/10/12","485","Norfolk St.","0","30","Away"
"446","Morgan St.","11/17/12","270","Hampton","17","27","Home"
"454","Murray St.","09/01/12","234","Florida St.","3","69","Away"
"454","Murray St.","09/08/12","1004","Central Ark.","20","42","Home"
"454","Murray St.","09/15/12","669","Missouri St.","28","23","Away"
"454","Murray St.","09/22/12","201","Eastern Ill.","49","50","Away"
"454","Murray St.","09/29/12","692","Tennessee Tech","70","35","Home"
"454","Murray St.","10/06/12","43","Austin Peay","52","14","Away"
"454","Murray St.","10/13/12","695","Tenn.-Martin","59","66","Home"
"454","Murray St.","10/27/12","315","Jacksonville St.","35","38","Away"
"454","Murray St.","11/03/12","691","Tennessee St.","49","28","Home"
"454","Murray St.","11/10/12","202","Eastern Ky.","24","55","Away"
"454","Murray St.","11/17/12","654","Southeast Mo. St.","42","35","Home"
"469","New Hampshire","08/30/12","285","Holy Cross","38","17","Away"
"469","New Hampshire","09/08/12","428","Minnesota","7","44","Away"
"469","New Hampshire","09/15/12","127","Central Conn. St.","43","10","Home"
"469","New Hampshire","09/22/12","523","Old Dominion","61","64","Away"
"469","New Hampshire","09/29/12","180","Delaware","34","14","Home"
"469","New Hampshire","10/06/12","254","Georgia St.","44","21","Away"
"469","New Hampshire","10/13/12","575","Richmond","44","40","Home"
"469","New Hampshire","10/20/12","380","Maine","28","21","Away"
"469","New Hampshire","10/27/12","572","Rhode Island","40","20","Away"
"469","New Hampshire","11/03/12","786","William & Mary","28","25","Home"
"469","New Hampshire","11/17/12","711","Towson","35","64","Home"
"469","New Hampshire","12/01/12","2915","Wofford","7","23","Away"
"483","Nicholls St.","09/08/12","646","South Ala.","3","9","Away"
"483","Nicholls St.","09/15/12","719","Tulsa","16","66","Away"
"483","Nicholls St.","09/22/12","506080","Evangel","73","17","Home"
"483","Nicholls St.","10/06/12","1004","Central Ark.","14","34","Away"
"483","Nicholls St.","10/13/12","624","Sam Houston St.","0","41","Home"
"483","Nicholls St.","10/20/12","676","Stephen F. Austin","10","44","Away"
"483","Nicholls St.","10/27/12","508","Northwestern St.","26","27","Away"
"483","Nicholls St.","11/03/12","402","McNeese St.","10","42","Home"
"483","Nicholls St.","11/10/12","346","Lamar","24","34","Away"
"483","Nicholls St.","11/15/12","655","Southeastern La.","16","35","Home"
"483","Nicholls St.","12/01/12","528","Oregon St.","3","77","Away"
"485","Norfolk St.","09/01/12","743","Virginia St.","24","0","Home"
"485","Norfolk St.","09/08/12","355","Liberty","31","24","Away"
"485","Norfolk St.","09/15/12","290","Howard","36","37","Home"
"485","Norfolk St.","09/22/12","519","Ohio","10","44","Away"
"485","Norfolk St.","09/29/12","647","South Carolina St.","0","14","Away"
"485","Norfolk St.","10/06/12","178","Delaware St.","17","20","Home"
"485","Norfolk St.","10/13/12","270","Hampton","14","28","Away"
"485","Norfolk St.","10/20/12","61","Bethune-Cookman","3","48","Away"
"485","Norfolk St.","10/27/12","488","N.C. A&T","9","30","Away"
"485","Norfolk St.","11/03/12","632","Savannah St.","33","21","Home"
"485","Norfolk St.","11/10/12","446","Morgan St.","30","0","Home"
"488","N.C. A&T","09/01/12","149","Coastal Caro.","13","29","Away"
"488","N.C. A&T","09/08/12","1439","West Virginia St.","77","0","Home"
"488","N.C. A&T","09/15/12","506391","Virginia-Lynchburg","40","7","Home"
"488","N.C. A&T","09/27/12","446","Morgan St.","18","21","Home"
"488","N.C. A&T","10/06/12","61","Bethune-Cookman","12","28","Away"
"488","N.C. A&T","10/13/12","290","Howard","38","10","Home"
"488","N.C. A&T","10/20/12","178","Delaware St.","0","24","Away"
"488","N.C. A&T","10/27/12","485","Norfolk St.","30","9","Home"
"488","N.C. A&T","11/03/12","228","Florida A&M","16","3","Home"
"488","N.C. A&T","11/10/12","647","South Carolina St.","17","7","Home"
"488","N.C. A&T","11/17/12","489","N.C. Central","22","16","Away"
"489","N.C. Central","09/01/12","223","Fayetteville St.","54","31","Home"
"489","N.C. Central","09/08/12","1068","Elon","14","34","Away"
"489","N.C. Central","09/15/12","193","Duke","17","54","Away"
"489","N.C. Central","09/22/12","632","Savannah St.","45","33","Away"
"489","N.C. Central","10/06/12","647","South Carolina St.","40","10","Neutral Site"
"489","N.C. Central","10/13/12","446","Morgan St.","24","20","Away"
"489","N.C. Central","10/18/12","270","Hampton","37","20","Home"
"489","N.C. Central","10/27/12","61","Bethune-Cookman","17","42","Away"
"489","N.C. Central","11/03/12","178","Delaware St.","23","20","Home"
"489","N.C. Central","11/10/12","228","Florida A&M","21","22","Away"
"489","N.C. Central","11/17/12","488","N.C. A&T","16","22","Home"
"493","North Dakota St.","09/01/12","579","Robert Morris","52","0","Home"
"493","North Dakota St.","09/08/12","156","Colorado St.","22","7","Away"
"493","North Dakota St.","09/22/12","553","Prairie View","66","7","Home"
"493","North Dakota St.","09/29/12","504","UNI","33","21","Away"
"493","North Dakota St.","10/06/12","817","Youngstown St.","48","7","Home"
"493","North Dakota St.","10/13/12","305","Indiana St.","14","17","Home"
"493","North Dakota St.","10/20/12","650","South Dakota","54","0","Neutral Site"
"493","North Dakota St.","10/27/12","659","Southern Ill.","23","17","Home"
"493","North Dakota St.","11/03/12","669","Missouri St.","21","17","Away"
"493","North Dakota St.","11/10/12","649","South Dakota St.","20","17","Home"
"493","North Dakota St.","11/17/12","299","Illinois St.","38","20","Away"
"493","North Dakota St.","12/01/12","649","South Dakota St.","28","3","Home"
"493","North Dakota St.","12/08/12","2915","Wofford","14","7","Home"
"493","North Dakota St.","12/14/12","253","Ga. Southern","23","20","Home"
"493","North Dakota St.","01/05/13","624","Sam Houston St.","39","13","Neutral Site"
"494","North Dakota","08/30/12","30139","South Dakota Mines","66","0","Home"
"494","North Dakota","09/08/12","550","Portland St.","45","37","Home"
"494","North Dakota","09/15/12","626","San Diego St.","41","49","Away"
"494","North Dakota","09/22/12","102","Sacramento St.","35","13","Away"
"494","North Dakota","09/29/12","90","Cal Poly","17","35","Home"
"494","North Dakota","10/06/12","207","Eastern Wash.","17","55","Away"
"494","North Dakota","10/13/12","501","Northern Ariz.","38","45","Home"
"494","North Dakota","10/20/12","441","Montana","40","34","Home"
"494","North Dakota","10/27/12","440","Montana St.","10","55","Away"
"494","North Dakota","11/03/12","667","Southern Utah","33","29","Home"
"494","North Dakota","11/17/12","502","Northern Colo.","27","28","Away"
"501","Northern Ariz.","08/30/12","28","Arizona St.","6","63","Away"
"501","Northern Ariz.","09/08/12","465","UNLV","17","14","Away"
"501","Northern Ariz.","09/15/12","1083","Fort Lewis","69","0","Home"
"501","Northern Ariz.","09/22/12","441","Montana","41","31","Away"
"501","Northern Ariz.","09/29/12","550","Portland St.","24","10","Home"
"501","Northern Ariz.","10/13/12","494","North Dakota","45","38","Away"
"501","Northern Ariz.","10/20/12","108","UC Davis","21","7","Home"
"501","Northern Ariz.","10/27/12","502","Northern Colo.","12","10","Away"
"501","Northern Ariz.","11/03/12","294","Idaho St.","50","10","Away"
"501","Northern Ariz.","11/10/12","667","Southern Utah","29","35","Home"
"501","Northern Ariz.","11/17/12","90","Cal Poly","34","42","Home"
"502","Northern Colo.","08/30/12","732","Utah","0","41","Away"
"502","Northern Colo.","09/08/12","11416","Colorado Mesa","40","3","Home"
"502","Northern Colo.","09/15/12","102","Sacramento St.","17","28","Away"
"502","Northern Colo.","09/22/12","440","Montana St.","16","41","Away"
"502","Northern Colo.","10/06/12","441","Montana","17","40","Home"
"502","Northern Colo.","10/13/12","90","Cal Poly","28","56","Away"
"502","Northern Colo.","10/20/12","294","Idaho St.","52","14","Home"
"502","Northern Colo.","10/27/12","501","Northern Ariz.","10","12","Home"
"502","Northern Colo.","11/03/12","550","Portland St.","32","28","Away"
"502","Northern Colo.","11/10/12","758","Weber St.","42","34","Away"
"502","Northern Colo.","11/17/12","494","North Dakota","28","27","Home"
"504","UNI","09/01/12","796","Wisconsin","21","26","Away"
"504","UNI","09/08/12","30049","Central St. (OH)","59","0","Home"
"504","UNI","09/15/12","312","Iowa","16","27","Away"
"504","UNI","09/22/12","817","Youngstown St.","35","42","Away"
"504","UNI","09/29/12","493","North Dakota St.","21","33","Home"
"504","UNI","10/13/12","659","Southern Ill.","31","34","Away"
"504","UNI","10/20/12","649","South Dakota St.","27","6","Home"
"504","UNI","10/27/12","299","Illinois St.","21","33","Home"
"504","UNI","11/03/12","771","Western Ill.","40","0","Away"
"504","UNI","11/10/12","650","South Dakota","24","21","Away"
"504","UNI","11/17/12","669","Missouri St.","38","13","Home"
"508","Northwestern St.","09/01/12","700","Texas Tech","6","44","Away"
"508","Northwestern St.","09/08/12","8411","Ark.-Monticello","31","24","Home"
"508","Northwestern St.","09/15/12","466","Nevada","34","45","Away"
"508","Northwestern St.","09/22/12","432","Mississippi Val.","45","14","Home"
"508","Northwestern St.","09/29/12","402","McNeese St.","22","30","Away"
"508","Northwestern St.","10/06/12","346","Lamar","30","23","Home"
"508","Northwestern St.","10/13/12","655","Southeastern La.","22","27","Away"
"508","Northwestern St.","10/27/12","483","Nicholls St.","27","26","Home"
"508","Northwestern St.","11/03/12","1004","Central Ark.","14","35","Away"
"508","Northwestern St.","11/10/12","624","Sam Houston St.","17","52","Home"
"508","Northwestern St.","11/17/12","676","Stephen F. Austin","17","34","Away"
"523","Old Dominion","09/01/12","194","Duquesne","57","23","Home"
"523","Old Dominion","09/08/12","270","Hampton","45","7","Away"
"523","Old Dominion","09/15/12","115","Campbell","70","14","Home"
"523","Old Dominion","09/22/12","469","New Hampshire","64","61","Home"
"523","Old Dominion","09/29/12","575","Richmond","45","37","Away"
"523","Old Dominion","10/13/12","739","Villanova","14","38","Home"
"523","Old Dominion","10/20/12","711","Towson","31","20","Away"
"523","Old Dominion","10/27/12","180","Delaware","31","26","Home"
"523","Old Dominion","11/03/12","254","Georgia St.","53","27","Away"
"523","Old Dominion","11/10/12","786","William & Mary","41","31","Home"
"523","Old Dominion","11/17/12","317","James Madison","38","28","Away"
"523","Old Dominion","12/01/12","149","Coastal Caro.","63","35","Home"
"523","Old Dominion","12/08/12","253","Ga. Southern","35","49","Home"
"540","Penn","09/15/12","342","Lafayette","21","28","Away"
"540","Penn","09/22/12","739","Villanova","8","24","Home"
"540","Penn","09/29/12","172","Dartmouth","28","21","Away"
"540","Penn","10/06/12","786","William & Mary","28","34","Home"
"540","Penn","10/13/12","158","Columbia","24","20","Home"
"540","Penn","10/20/12","813","Yale","13","27","Away"
"540","Penn","10/27/12","80","Brown","20","17","Home"
"540","Penn","11/03/12","554","Princeton","28","21","Away"
"540","Penn","11/10/12","275","Harvard","30","21","Home"
"540","Penn","11/17/12","167","Cornell","35","28","Away"
"550","Portland St.","09/01/12","506056","Carroll (MT)","38","20","Home"
"550","Portland St.","09/08/12","494","North Dakota","37","45","Away"
"550","Portland St.","09/15/12","756","Washington","13","52","Away"
"550","Portland St.","09/22/12","667","Southern Utah","42","49","Home"
"550","Portland St.","09/29/12","501","Northern Ariz.","10","24","Away"
"550","Portland St.","10/06/12","294","Idaho St.","77","10","Home"
"550","Portland St.","10/20/12","90","Cal Poly","25","37","Away"
"550","Portland St.","10/27/12","108","UC Davis","49","21","Away"
"550","Portland St.","11/03/12","502","Northern Colo.","28","32","Home"
"550","Portland St.","11/10/12","440","Montana St.","30","65","Away"
"550","Portland St.","11/17/12","207","Eastern Wash.","34","41","Home"
"553","Prairie View","09/01/12","699","Texas Southern","41","44","Neutral Site"
"553","Prairie View","09/08/12","346","Lamar","0","31","Away"
"553","Prairie View","09/15/12","6","Alabama A&M","30","42","Away"
"553","Prairie View","09/22/12","493","North Dakota St.","7","66","Away"
"553","Prairie View","09/29/12","314","Jackson St.","13","34","Away"
"553","Prairie View","10/06/12","261","Grambling","31","14","Neutral Site"
"553","Prairie View","10/20/12","17","Alcorn St.","52","37","Home"
"553","Prairie View","10/27/12","665","Southern U.","49","29","Home"
"553","Prairie View","11/03/12","7","Alabama St.","21","35","Home"
"553","Prairie View","11/10/12","432","Mississippi Val.","20","22","Away"
"553","Prairie View","11/17/12","2678","Ark.-Pine Bluff","41","42","Away"
"554","Princeton","09/15/12","352","Lehigh","14","17","Away"
"554","Princeton","09/21/12","251","Georgetown","20","21","Home"
"554","Princeton","09/29/12","158","Columbia","33","6","Away"
"554","Princeton","10/06/12","342","Lafayette","35","14","Away"
"554","Princeton","10/13/12","80","Brown","19","0","Home"
"554","Princeton","10/20/12","275","Harvard","39","34","Home"
"554","Princeton","10/27/12","167","Cornell","35","37","Away"
"554","Princeton","11/03/12","540","Penn","21","28","Home"
"554","Princeton","11/10/12","813","Yale","29","7","Away"
"554","Princeton","11/17/12","172","Dartmouth","21","35","Home"
"572","Rhode Island","09/08/12","439","Monmouth","6","41","Away"
"572","Rhode Island","09/15/12","739","Villanova","10","31","Away"
"572","Rhode Island","09/22/12","317","James Madison","7","32","Home"
"572","Rhode Island","09/29/12","71","Bowling Green","8","48","Away"
"572","Rhode Island","10/06/12","80","Brown","7","17","Home"
"572","Rhode Island","10/13/12","254","Georgia St.","7","41","Home"
"572","Rhode Island","10/20/12","180","Delaware","24","47","Away"
"572","Rhode Island","10/27/12","469","New Hampshire","20","40","Home"
"572","Rhode Island","11/03/12","575","Richmond","0","39","Away"
"572","Rhode Island","11/10/12","711","Towson","10","41","Away"
"572","Rhode Island","11/17/12","380","Maine","6","55","Home"
"575","Richmond","09/01/12","746","Virginia","19","43","Away"
"575","Richmond","09/08/12","1092","Gardner-Webb","41","8","Home"
"575","Richmond","09/15/12","741","VMI","47","6","Away"
"575","Richmond","09/22/12","254","Georgia St.","35","14","Away"
"575","Richmond","09/29/12","523","Old Dominion","37","45","Home"
"575","Richmond","10/06/12","739","Villanova","28","17","Away"
"575","Richmond","10/13/12","469","New Hampshire","40","44","Away"
"575","Richmond","10/20/12","317","James Madison","35","29","Home"
"575","Richmond","11/03/12","572","Rhode Island","39","0","Home"
"575","Richmond","11/10/12","180","Delaware","23","17","Home"
"575","Richmond","11/17/12","786","William & Mary","21","14","Away"
"579","Robert Morris","09/01/12","493","North Dakota St.","0","52","Away"
"579","Robert Morris","09/08/12","14","Albany (NY)","10","35","Home"
"579","Robert Morris","09/15/12","175","Dayton","14","20","Away"
"579","Robert Morris","09/29/12","342","Lafayette","31","28","Home"
"579","Robert Morris","10/06/12","600","St. Francis (PA)","3","10","Away"
"579","Robert Morris","10/13/12","81","Bryant","35","38","Away"
"579","Robert Morris","10/20/12","127","Central Conn. St.","37","31","Home"
"579","Robert Morris","10/27/12","748","Wagner","13","23","Away"
"579","Robert Morris","11/03/12","194","Duquesne","17","13","Home"
"579","Robert Morris","11/10/12","590","Sacred Heart","21","17","Away"
"579","Robert Morris","11/17/12","439","Monmouth","21","26","Home"
"590","Sacred Heart","09/01/12","446","Morgan St.","27","30","Away"
"590","Sacred Heart","09/15/12","153","Colgate","14","35","Away"
"590","Sacred Heart","09/22/12","439","Monmouth","14","27","Away"
"590","Sacred Heart","09/29/12","127","Central Conn. St.","34","21","Home"
"590","Sacred Heart","10/06/12","748","Wagner","3","12","Home"
"590","Sacred Heart","10/13/12","172","Dartmouth","27","10","Away"
"590","Sacred Heart","10/20/12","194","Duquesne","3","35","Away"
"590","Sacred Heart","10/27/12","14","Albany (NY)","20","23","Home"
"590","Sacred Heart","11/03/12","81","Bryant","14","34","Away"
"590","Sacred Heart","11/10/12","579","Robert Morris","17","21","Home"
"590","Sacred Heart","11/17/12","600","St. Francis (PA)","24","44","Away"
"600","St. Francis (PA)","09/01/12","317","James Madison","7","55","Away"
"600","St. Francis (PA)","09/08/12","81","Bryant","39","28","Home"
"600","St. Francis (PA)","09/15/12","444","Morehead St.","57","23","Away"
"600","St. Francis (PA)","09/22/12","711","Towson","17","46","Away"
"600","St. Francis (PA)","09/29/12","194","Duquesne","21","24","Away"
"600","St. Francis (PA)","10/06/12","579","Robert Morris","10","3","Home"
"600","St. Francis (PA)","10/13/12","14","Albany (NY)","13","36","Away"
"600","St. Francis (PA)","10/20/12","748","Wagner","24","31","Home"
"600","St. Francis (PA)","10/27/12","127","Central Conn. St.","30","32","Away"
"600","St. Francis (PA)","11/10/12","439","Monmouth","45","31","Away"
"600","St. Francis (PA)","11/17/12","590","Sacred Heart","44","24","Home"
"624","Sam Houston St.","09/08/12","2743","Incarnate Word","54","7","Home"
"624","Sam Houston St.","09/15/12","51","Baylor","23","48","Away"
"624","Sam Houston St.","09/22/12","1004","Central Ark.","20","24","Away"
"624","Sam Houston St.","09/27/12","699","Texas Southern","50","6","Away"
"624","Sam Houston St.","10/06/12","676","Stephen F. Austin","51","43","Neutral Site"
"624","Sam Houston St.","10/13/12","483","Nicholls St.","41","0","Away"
"624","Sam Houston St.","10/20/12","402","McNeese St.","45","10","Home"
"624","Sam Houston St.","10/27/12","346","Lamar","56","7","Away"
"624","Sam Houston St.","11/03/12","655","Southeastern La.","70","0","Home"
"624","Sam Houston St.","11/10/12","508","Northwestern St.","52","17","Away"
"624","Sam Houston St.","11/17/12","697","Texas A&M","28","47","Away"
"624","Sam Houston St.","12/01/12","90","Cal Poly","18","16","Home"
"624","Sam Houston St.","12/07/12","440","Montana St.","34","16","Away"
"624","Sam Houston St.","12/15/12","207","Eastern Wash.","45","42","Away"
"624","Sam Houston St.","01/05/13","493","North Dakota St.","13","39","Neutral Site"
"625","Samford","09/01/12","244","Furman","24","21","Home"
"625","Samford","09/08/12","358","West Ala.","34","6","Home"
"625","Samford","09/15/12","1092","Gardner-Webb","44","23","Away"
"625","Samford","09/22/12","769","Western Caro.","25","21","Away"
"625","Samford","09/29/12","253","Ga. Southern","16","35","Away"
"625","Samford","10/06/12","141","Citadel","38","7","Home"
"625","Samford","10/13/12","27","Appalachian St.","25","28","Home"
"625","Samford","10/20/12","693","Chattanooga","13","20","Away"
"625","Samford","11/03/12","2915","Wofford","24","17","Home"
"625","Samford","11/10/12","1068","Elon","26","15","Away"
"625","Samford","11/17/12","334","Kentucky","3","34","Away"
"627","San Diego","09/01/12","90","Cal Poly","14","41","Away"
"627","San Diego","09/08/12","1445","Western N.M.","34","27","Home"
"627","San Diego","09/15/12","275","Harvard","13","28","Away"
"627","San Diego","09/22/12","735","Valparaiso","51","14","Home"
"627","San Diego","10/06/12","189","Drake","10","38","Away"
"627","San Diego","10/13/12","115","Campbell","44","0","Home"
"627","San Diego","10/20/12","316","Jacksonville","24","7","Away"
"627","San Diego","10/27/12","175","Dayton","41","9","Home"
"627","San Diego","11/10/12","444","Morehead St.","41","28","Home"
"627","San Diego","11/17/12","173","Davidson","17","10","Away"
"627","San Diego","12/01/12","386","Marist","34","10","Away"
"632","Savannah St.","09/01/12","521","Oklahoma St.","0","84","Away"
"632","Savannah St.","09/08/12","234","Florida St.","0","55","Away"
"632","Savannah St.","09/22/12","489","N.C. Central","33","45","Home"
"632","Savannah St.","09/29/12","290","Howard","9","56","Away"
"632","Savannah St.","10/06/12","446","Morgan St.","6","45","Home"
"632","Savannah St.","10/13/12","228","Florida A&M","3","44","Away"
"632","Savannah St.","10/20/12","501555","Edward Waters","42","35","Home"
"632","Savannah St.","10/27/12","270","Hampton","13","21","Away"
"632","Savannah St.","11/03/12","485","Norfolk St.","21","33","Away"
"632","Savannah St.","11/10/12","61","Bethune-Cookman","7","49","Home"
"632","Savannah St.","11/17/12","647","South Carolina St.","13","27","Away"
"647","South Carolina St.","08/30/12","254","Georgia St.","33","6","Away"
"647","South Carolina St.","09/08/12","61","Bethune-Cookman","14","27","Home"
"647","South Carolina St.","09/15/12","29","Arizona","0","56","Away"
"647","South Carolina St.","09/22/12","697","Texas A&M","14","70","Away"
"647","South Carolina St.","09/29/12","485","Norfolk St.","14","0","Home"
"647","South Carolina St.","10/06/12","489","N.C. Central","10","40","Away"
"647","South Carolina St.","10/13/12","178","Delaware St.","17","31","Away"
"647","South Carolina St.","10/20/12","228","Florida A&M","27","20","Away"
"647","South Carolina St.","10/27/12","290","Howard","41","23","Home"
"647","South Carolina St.","11/10/12","488","N.C. A&T","7","17","Away"
"647","South Carolina St.","11/17/12","632","Savannah St.","27","13","Home"
"649","South Dakota St.","09/01/12","328","Kansas","17","31","Away"
"649","South Dakota St.","09/08/12","655","Southeastern La.","31","14","Away"
"649","South Dakota St.","09/15/12","108","UC Davis","12","8","Home"
"649","South Dakota St.","09/22/12","305","Indiana St.","24","10","Away"
"649","South Dakota St.","09/29/12","669","Missouri St.","17","7","Home"
"649","South Dakota St.","10/13/12","771","Western Ill.","31","10","Home"
"649","South Dakota St.","10/20/12","504","UNI","6","27","Away"
"649","South Dakota St.","10/27/12","817","Youngstown St.","41","28","Home"
"649","South Dakota St.","11/03/12","659","Southern Ill.","16","12","Away"
"649","South Dakota St.","11/10/12","493","North Dakota St.","17","20","Away"
"649","South Dakota St.","11/17/12","650","South Dakota","31","8","Home"
"649","South Dakota St.","11/24/12","201","Eastern Ill.","58","10","Home"
"649","South Dakota St.","12/01/12","493","North Dakota St.","3","28","Away"
"650","South Dakota","09/01/12","441","Montana","24","35","Away"
"650","South Dakota","09/08/12","153","Colgate","31","21","Home"
"650","South Dakota","09/22/12","509","Northwestern","7","38","Away"
"650","South Dakota","09/29/12","299","Illinois St.","31","34","Home"
"650","South Dakota","10/06/12","771","Western Ill.","17","24","Home"
"650","South Dakota","10/13/12","669","Missouri St.","24","27","Away"
"650","South Dakota","10/20/12","493","North Dakota St.","0","54","Neutral Site"
"650","South Dakota","10/27/12","305","Indiana St.","14","45","Away"
"650","South Dakota","11/03/12","817","Youngstown St.","10","13","Away"
"650","South Dakota","11/10/12","504","UNI","21","24","Home"
"650","South Dakota","11/17/12","649","South Dakota St.","8","31","Away"
"654","Southeast Mo. St.","08/30/12","129","Central Mich.","27","38","Away"
"654","Southeast Mo. St.","09/08/12","1199","Mars Hill","30","18","Home"
"654","Southeast Mo. St.","09/15/12","659","Southern Ill.","14","35","Away"
"654","Southeast Mo. St.","09/22/12","692","Tennessee Tech","41","38","Home"
"654","Southeast Mo. St.","09/29/12","315","Jacksonville St.","16","31","Away"
"654","Southeast Mo. St.","10/13/12","691","Tennessee St.","28","40","Home"
"654","Southeast Mo. St.","10/20/12","695","Tenn.-Martin","17","27","Home"
"654","Southeast Mo. St.","10/27/12","43","Austin Peay","48","27","Away"
"654","Southeast Mo. St.","11/03/12","202","Eastern Ky.","7","31","Home"
"654","Southeast Mo. St.","11/10/12","201","Eastern Ill.","20","39","Away"
"654","Southeast Mo. St.","11/17/12","454","Murray St.","35","42","Away"
"655","Southeastern La.","09/01/12","434","Missouri","10","62","Away"
"655","Southeastern La.","09/08/12","649","South Dakota St.","14","31","Home"
"655","Southeastern La.","09/13/12","695","Tenn.-Martin","6","23","Away"
"655","Southeastern La.","09/22/12","402","McNeese St.","25","24","Home"
"655","Southeastern La.","09/29/12","346","Lamar","31","21","Away"
"655","Southeastern La.","10/06/12","9","UAB","3","52","Away"
"655","Southeastern La.","10/13/12","508","Northwestern St.","27","22","Home"
"655","Southeastern La.","10/27/12","1004","Central Ark.","14","34","Home"
"655","Southeastern La.","11/03/12","624","Sam Houston St.","0","70","Away"
"655","Southeastern La.","11/10/12","676","Stephen F. Austin","42","27","Home"
"655","Southeastern La.","11/15/12","483","Nicholls St.","35","16","Away"
"659","Southern Ill.","08/30/12","201","Eastern Ill.","28","49","Away"
"659","Southern Ill.","09/08/12","414","Miami (OH)","14","30","Away"
"659","Southern Ill.","09/15/12","654","Southeast Mo. St.","35","14","Home"
"659","Southern Ill.","09/22/12","669","Missouri St.","14","6","Away"
"659","Southern Ill.","09/29/12","305","Indiana St.","3","24","Home"
"659","Southern Ill.","10/06/12","299","Illinois St.","17","0","Away"
"659","Southern Ill.","10/13/12","504","UNI","34","31","Home"
"659","Southern Ill.","10/20/12","817","Youngstown St.","38","21","Away"
"659","Southern Ill.","10/27/12","493","North Dakota St.","17","23","Away"
"659","Southern Ill.","11/03/12","649","South Dakota St.","12","16","Home"
"659","Southern Ill.","11/17/12","771","Western Ill.","35","0","Home"
"665","Southern U.","09/01/12","473","New Mexico","21","66","Away"
"665","Southern U.","09/13/12","432","Mississippi Val.","0","6","Home"
"665","Southern U.","09/22/12","314","Jackson St.","28","21","Away"
"665","Southern U.","09/29/12","228","Florida A&M","21","14","Neutral Site"
"665","Southern U.","10/06/12","17","Alcorn St.","17","20","Away"
"665","Southern U.","10/13/12","699","Texas Southern","34","7","Home"
"665","Southern U.","10/20/12","2678","Ark.-Pine Bluff","21","50","Home"
"665","Southern U.","10/27/12","553","Prairie View","29","49","Away"
"665","Southern U.","11/03/12","6","Alabama A&M","23","24","Away"
"665","Southern U.","11/10/12","7","Alabama St.","30","31","Home"
"665","Southern U.","11/24/12","261","Grambling","38","33","Neutral Site"
"667","Southern Utah","08/30/12","731","Utah St.","3","34","Away"
"667","Southern Utah","09/08/12","107","California","31","50","Away"
"667","Southern Utah","09/15/12","8577","N.M. Highlands","45","23","Home"
"667","Southern Utah","09/22/12","550","Portland St.","49","42","Away"
"667","Southern Utah","09/29/12","440","Montana St.","17","24","Home"
"667","Southern Utah","10/06/12","102","Sacramento St.","22","27","Home"
"667","Southern Utah","10/13/12","441","Montana","30","20","Away"
"667","Southern Utah","10/20/12","758","Weber St.","22","24","Home"
"667","Southern Utah","10/27/12","207","Eastern Wash.","30","27","Home"
"667","Southern Utah","11/03/12","494","North Dakota","29","33","Away"
"667","Southern Utah","11/10/12","501","Northern Ariz.","35","29","Away"
"669","Missouri St.","09/01/12","327","Kansas St.","9","51","Away"
"669","Missouri St.","09/08/12","367","Louisville","7","35","Away"
"669","Missouri St.","09/15/12","454","Murray St.","23","28","Home"
"669","Missouri St.","09/22/12","659","Southern Ill.","6","14","Home"
"669","Missouri St.","09/29/12","649","South Dakota St.","7","17","Away"
"669","Missouri St.","10/06/12","305","Indiana St.","17","31","Away"
"669","Missouri St.","10/13/12","650","South Dakota","27","24","Home"
"669","Missouri St.","10/20/12","299","Illinois St.","24","17","Away"
"669","Missouri St.","10/27/12","771","Western Ill.","42","3","Home"
"669","Missouri St.","11/03/12","493","North Dakota St.","17","21","Home"
"669","Missouri St.","11/17/12","504","UNI","13","38","Away"
"676","Stephen F. Austin","08/31/12","8744","Southwestern Okla.","49","14","Home"
"676","Stephen F. Austin","09/08/12","663","SMU","0","52","Away"
"676","Stephen F. Austin","09/15/12","440","Montana St.","35","43","Away"
"676","Stephen F. Austin","09/22/12","670","Texas St.","37","41","Away"
"676","Stephen F. Austin","09/29/12","1004","Central Ark.","42","37","Home"
"676","Stephen F. Austin","10/06/12","624","Sam Houston St.","43","51","Neutral Site"
"676","Stephen F. Austin","10/20/12","483","Nicholls St.","44","10","Home"
"676","Stephen F. Austin","10/27/12","402","McNeese St.","24","35","Away"
"676","Stephen F. Austin","11/03/12","346","Lamar","40","26","Home"
"676","Stephen F. Austin","11/10/12","655","Southeastern La.","27","42","Away"
"676","Stephen F. Austin","11/17/12","508","Northwestern St.","34","17","Home"
"683","Stony Brook","09/01/12","127","Central Conn. St.","49","17","Home"
"683","Stony Brook","09/08/12","533","Pace","77","7","Home"
"683","Stony Brook","09/15/12","688","Syracuse","17","28","Away"
"683","Stony Brook","09/22/12","153","Colgate","32","31","Home"
"683","Stony Brook","09/29/12","725","Army","23","3","Away"
"683","Stony Brook","10/06/12","48","Charleston So.","49","7","Home"
"683","Stony Brook","10/13/12","149","Coastal Caro.","27","21","Away"
"683","Stony Brook","10/20/12","1092","Gardner-Webb","41","10","Home"
"683","Stony Brook","10/27/12","1320","Presbyterian","56","17","Away"
"683","Stony Brook","11/03/12","741","VMI","45","7","Home"
"683","Stony Brook","11/10/12","355","Liberty","14","28","Away"
"683","Stony Brook","11/24/12","739","Villanova","20","10","Home"
"683","Stony Brook","12/01/12","440","Montana St.","10","16","Away"
"691","Tennessee St.","09/01/12","228","Florida A&M","17","14","Home"
"691","Tennessee St.","09/08/12","314","Jackson St.","38","12","Neutral Site"
"691","Tennessee St.","09/15/12","43","Austin Peay","34","14","Home"
"691","Tennessee St.","09/22/12","61","Bethune-Cookman","21","14","Away"
"691","Tennessee St.","09/29/12","2678","Ark.-Pine Bluff","40","13","Home"
"691","Tennessee St.","10/06/12","202","Eastern Ky.","23","20","Home"
"691","Tennessee St.","10/13/12","654","Southeast Mo. St.","40","28","Away"
"691","Tennessee St.","10/20/12","315","Jacksonville St.","28","31","Away"
"691","Tennessee St.","10/27/12","692","Tennessee Tech","22","21","Home"
"691","Tennessee St.","11/03/12","454","Murray St.","28","49","Away"
"691","Tennessee St.","11/17/12","695","Tenn.-Martin","26","35","Away"
"692","Tennessee Tech","08/30/12","270","Hampton","41","31","Home"
"692","Tennessee Tech","09/06/12","9223","North Greenville","42","14","Home"
"692","Tennessee Tech","09/15/12","529","Oregon","14","63","Away"
"692","Tennessee Tech","09/22/12","654","Southeast Mo. St.","38","41","Away"
"692","Tennessee Tech","09/29/12","454","Murray St.","35","70","Away"
"692","Tennessee Tech","10/06/12","315","Jacksonville St.","28","37","Home"
"692","Tennessee Tech","10/20/12","202","Eastern Ky.","28","42","Home"
"692","Tennessee Tech","10/27/12","691","Tennessee St.","21","22","Away"
"692","Tennessee Tech","11/03/12","201","Eastern Ill.","24","31","Home"
"692","Tennessee Tech","11/10/12","695","Tenn.-Martin","45","44","Home"
"692","Tennessee Tech","11/17/12","43","Austin Peay","31","38","Away"
"693","Chattanooga","09/01/12","651","South Fla.","13","34","Away"
"693","Chattanooga","09/08/12","315","Jacksonville St.","24","27","Away"
"693","Chattanooga","09/13/12","1098","Glenville St.","35","0","Home"
"693","Chattanooga","09/22/12","27","Appalachian St.","17","34","Home"
"693","Chattanooga","09/29/12","141","Citadel","28","10","Away"
"693","Chattanooga","10/13/12","244","Furman","31","10","Away"
"693","Chattanooga","10/20/12","625","Samford","20","13","Home"
"693","Chattanooga","10/27/12","253","Ga. Southern","31","39","Home"
"693","Chattanooga","11/03/12","769","Western Caro.","45","24","Away"
"693","Chattanooga","11/10/12","2915","Wofford","13","16","Away"
"693","Chattanooga","11/17/12","1068","Elon","24","17","Home"
"695","Tenn.-Martin","09/01/12","404","Memphis","20","17","Away"
"695","Tenn.-Martin","09/08/12","503","Northern Ill.","7","35","Away"
"695","Tenn.-Martin","09/13/12","655","Southeastern La.","23","6","Home"
"695","Tenn.-Martin","09/22/12","43","Austin Peay","31","6","Away"
"695","Tenn.-Martin","09/29/12","202","Eastern Ky.","16","28","Home"
"695","Tenn.-Martin","10/06/12","201","Eastern Ill.","51","37","Home"
"695","Tenn.-Martin","10/13/12","454","Murray St.","66","59","Away"
"695","Tenn.-Martin","10/20/12","654","Southeast Mo. St.","27","17","Away"
"695","Tenn.-Martin","11/03/12","315","Jacksonville St.","49","47","Home"
"695","Tenn.-Martin","11/10/12","692","Tennessee Tech","44","45","Away"
"695","Tenn.-Martin","11/17/12","691","Tennessee St.","35","26","Home"
"699","Texas Southern","09/01/12","553","Prairie View","44","41","Neutral Site"
"699","Texas Southern","09/08/12","497","North Texas","7","34","Away"
"699","Texas Southern","09/15/12","314","Jackson St.","35","45","Home"
"699","Texas Southern","09/22/12","6","Alabama A&M","13","42","Home"
"699","Texas Southern","09/27/12","624","Sam Houston St.","6","50","Home"
"699","Texas Southern","10/06/12","7","Alabama St.","0","45","Away"
"699","Texas Southern","10/13/12","665","Southern U.","7","34","Away"
"699","Texas Southern","10/27/12","261","Grambling","23","20","Home"
"699","Texas Southern","11/03/12","2678","Ark.-Pine Bluff","3","49","Home"
"699","Texas Southern","11/10/12","17","Alcorn St.","24","34","Away"
"699","Texas Southern","11/17/12","432","Mississippi Val.","3","34","Home"
"711","Towson","08/30/12","331","Kent St.","21","41","Away"
"711","Towson","09/15/12","786","William & Mary","20","17","Home"
"711","Towson","09/22/12","600","St. Francis (PA)","46","17","Home"
"711","Towson","09/29/12","365","LSU","22","38","Away"
"711","Towson","10/06/12","317","James Madison","10","13","Away"
"711","Towson","10/13/12","380","Maine","24","19","Home"
"711","Towson","10/20/12","523","Old Dominion","20","31","Home"
"711","Towson","10/27/12","739","Villanova","49","35","Away"
"711","Towson","11/03/12","180","Delaware","34","27","Away"
"711","Towson","11/10/12","572","Rhode Island","41","10","Home"
"711","Towson","11/17/12","469","New Hampshire","64","35","Away"
"735","Valparaiso","08/30/12","604","St. Joseph's (IN)","34","36","Home"
"735","Valparaiso","09/08/12","817","Youngstown St.","0","59","Away"
"735","Valparaiso","09/15/12","194","Duquesne","17","45","Home"
"735","Valparaiso","09/22/12","627","San Diego","14","51","Away"
"735","Valparaiso","10/06/12","87","Butler","17","56","Home"
"735","Valparaiso","10/13/12","189","Drake","21","35","Home"
"735","Valparaiso","10/20/12","175","Dayton","0","45","Away"
"735","Valparaiso","10/27/12","386","Marist","7","44","Home"
"735","Valparaiso","11/03/12","115","Campbell","41","21","Away"
"735","Valparaiso","11/10/12","173","Davidson","27","28","Home"
"735","Valparaiso","11/17/12","444","Morehead St.","24","76","Away"
"739","Villanova","08/31/12","690","Temple","10","41","Away"
"739","Villanova","09/08/12","236","Fordham","28","13","Home"
"739","Villanova","09/15/12","572","Rhode Island","31","10","Home"
"739","Villanova","09/22/12","540","Penn","24","8","Away"
"739","Villanova","09/29/12","380","Maine","35","14","Away"
"739","Villanova","10/06/12","575","Richmond","17","28","Home"
"739","Villanova","10/13/12","523","Old Dominion","38","14","Away"
"739","Villanova","10/20/12","254","Georgia St.","49","24","Away"
"739","Villanova","10/27/12","711","Towson","35","49","Home"
"739","Villanova","11/10/12","317","James Madison","35","20","Home"
"739","Villanova","11/17/12","180","Delaware","41","10","Away"
"739","Villanova","11/24/12","683","Stony Brook","10","20","Away"
"741","VMI","09/01/12","178","Delaware St.","10","17","Away"
"741","VMI","09/08/12","8875","Chowan","24","17","Home"
"741","VMI","09/15/12","575","Richmond","6","47","Home"
"741","VMI","09/22/12","726","Navy","3","41","Away"
"741","VMI","10/06/12","1320","Presbyterian","17","7","Home"
"741","VMI","10/13/12","48","Charleston So.","14","32","Away"
"741","VMI","10/20/12","149","Coastal Caro.","7","34","Home"
"741","VMI","10/27/12","1092","Gardner-Webb","7","38","Away"
"741","VMI","11/03/12","683","Stony Brook","7","45","Away"
"741","VMI","11/10/12","141","Citadel","24","27","Home"
"741","VMI","11/17/12","355","Liberty","14","33","Home"
"748","Wagner","08/31/12","229","Fla. Atlantic","3","7","Away"
"748","Wagner","09/08/12","251","Georgetown","10","13","Away"
"748","Wagner","09/15/12","439","Monmouth","17","38","Home"
"748","Wagner","09/22/12","127","Central Conn. St.","31","13","Away"
"748","Wagner","09/29/12","81","Bryant","31","21","Home"
"748","Wagner","10/06/12","590","Sacred Heart","12","3","Away"
"748","Wagner","10/20/12","600","St. Francis (PA)","31","24","Away"
"748","Wagner","10/27/12","579","Robert Morris","23","13","Home"
"748","Wagner","11/03/12","14","Albany (NY)","30","0","Away"
"748","Wagner","11/10/12","285","Holy Cross","31","30","Home"
"748","Wagner","11/17/12","194","Duquesne","23","17","Home"
"748","Wagner","11/24/12","153","Colgate","31","20","Home"
"748","Wagner","12/01/12","207","Eastern Wash.","19","29","Away"
"758","Weber St.","09/01/12","96","Fresno St.","10","37","Away"
"758","Weber St.","09/08/12","77","BYU","13","45","Away"
"758","Weber St.","09/15/12","402","McNeese St.","21","35","Home"
"758","Weber St.","09/22/12","207","Eastern Wash.","26","32","Home"
"758","Weber St.","09/29/12","108","UC Davis","13","37","Away"
"758","Weber St.","10/05/12","90","Cal Poly","23","45","Home"
"758","Weber St.","10/13/12","102","Sacramento St.","14","19","Away"
"758","Weber St.","10/20/12","667","Southern Utah","24","22","Away"
"758","Weber St.","11/03/12","441","Montana","21","24","Home"
"758","Weber St.","11/10/12","502","Northern Colo.","34","42","Home"
"758","Weber St.","11/17/12","294","Idaho St.","40","14","Away"
"769","Western Caro.","08/30/12","1199","Mars Hill","42","14","Home"
"769","Western Caro.","09/08/12","388","Marshall","24","52","Away"
"769","Western Caro.","09/15/12","2915","Wofford","20","49","Away"
"769","Western Caro.","09/22/12","625","Samford","21","25","Home"
"769","Western Caro.","09/29/12","244","Furman","24","45","Away"
"769","Western Caro.","10/06/12","253","Ga. Southern","13","45","Home"
"769","Western Caro.","10/13/12","141","Citadel","31","45","Away"
"769","Western Caro.","10/20/12","1068","Elon","31","42","Away"
"769","Western Caro.","10/27/12","27","Appalachian St.","27","38","Home"
"769","Western Caro.","11/03/12","693","Chattanooga","24","45","Home"
"769","Western Caro.","11/17/12","8","Alabama","0","49","Away"
"771","Western Ill.","08/30/12","87","Butler","23","15","Home"
"771","Western Ill.","09/08/12","309","Indianapolis","27","17","Home"
"771","Western Ill.","09/15/12","311","Iowa St.","3","37","Away"
"771","Western Ill.","09/22/12","299","Illinois St.","3","23","Home"
"771","Western Ill.","10/06/12","650","South Dakota","24","17","Away"
"771","Western Ill.","10/13/12","649","South Dakota St.","10","31","Away"
"771","Western Ill.","10/20/12","305","Indiana St.","7","23","Home"
"771","Western Ill.","10/27/12","669","Missouri St.","3","42","Away"
"771","Western Ill.","11/03/12","504","UNI","0","40","Home"
"771","Western Ill.","11/10/12","817","Youngstown St.","7","31","Home"
"771","Western Ill.","11/17/12","659","Southern Ill.","0","35","Away"
"786","William & Mary","09/01/12","392","Maryland","6","7","Away"
"786","William & Mary","09/08/12","342","Lafayette","14","17","Home"
"786","William & Mary","09/15/12","711","Towson","17","20","Away"
"786","William & Mary","09/22/12","180","Delaware","21","51","Home"
"786","William & Mary","09/29/12","254","Georgia St.","35","3","Home"
"786","William & Mary","10/06/12","540","Penn","34","28","Away"
"786","William & Mary","10/13/12","317","James Madison","26","27","Away"
"786","William & Mary","10/27/12","380","Maine","10","24","Home"
"786","William & Mary","11/03/12","469","New Hampshire","25","28","Away"
"786","William & Mary","11/10/12","523","Old Dominion","31","41","Away"
"786","William & Mary","11/17/12","575","Richmond","14","21","Home"
"813","Yale","09/15/12","251","Georgetown","24","21","Away"
"813","Yale","09/22/12","167","Cornell","6","45","Away"
"813","Yale","09/29/12","153","Colgate","24","47","Home"
"813","Yale","10/06/12","172","Dartmouth","14","34","Home"
"813","Yale","10/13/12","342","Lafayette","10","20","Home"
"813","Yale","10/20/12","540","Penn","27","13","Home"
"813","Yale","10/27/12","158","Columbia","22","26","Away"
"813","Yale","11/03/12","80","Brown","0","20","Away"
"813","Yale","11/10/12","554","Princeton","7","29","Home"
"813","Yale","11/17/12","275","Harvard","24","34","Away"
"817","Youngstown St.","09/01/12","545","Pittsburgh","31","17","Away"
"817","Youngstown St.","09/08/12","735","Valparaiso","59","0","Home"
"817","Youngstown St.","09/15/12","14","Albany (NY)","31","24","Home"
"817","Youngstown St.","09/22/12","504","UNI","42","35","Home"
"817","Youngstown St.","10/06/12","493","North Dakota St.","7","48","Away"
"817","Youngstown St.","10/13/12","299","Illinois St.","28","35","Away"
"817","Youngstown St.","10/20/12","659","Southern Ill.","21","38","Home"
"817","Youngstown St.","10/27/12","649","South Dakota St.","28","41","Away"
"817","Youngstown St.","11/03/12","650","South Dakota","13","10","Home"
"817","Youngstown St.","11/10/12","771","Western Ill.","31","7","Away"
"817","Youngstown St.","11/17/12","305","Indiana St.","27","6","Home"
"1004","Central Ark.","09/01/12","433","Ole Miss","27","49","Away"
"1004","Central Ark.","09/08/12","454","Murray St.","42","20","Away"
"1004","Central Ark.","09/15/12","506174","Bacone","70","3","Home"
"1004","Central Ark.","09/22/12","624","Sam Houston St.","24","20","Home"
"1004","Central Ark.","09/29/12","676","Stephen F. Austin","37","42","Away"
"1004","Central Ark.","10/06/12","483","Nicholls St.","34","14","Home"
"1004","Central Ark.","10/13/12","402","McNeese St.","27","26","Away"
"1004","Central Ark.","10/20/12","346","Lamar","24","14","Home"
"1004","Central Ark.","10/27/12","655","Southeastern La.","34","14","Away"
"1004","Central Ark.","11/03/12","508","Northwestern St.","35","14","Home"
"1004","Central Ark.","11/17/12","201","Eastern Ill.","48","30","Home"
"1004","Central Ark.","12/01/12","253","Ga. Southern","16","24","Away"
"1068","Elon","09/01/12","457","North Carolina","0","62","Away"
"1068","Elon","09/08/12","489","N.C. Central","34","14","Home"
"1068","Elon","09/15/12","1439","West Virginia St.","48","14","Home"
"1068","Elon","09/22/12","253","Ga. Southern","23","26","Away"
"1068","Elon","09/29/12","2915","Wofford","24","49","Home"
"1068","Elon","10/06/12","27","Appalachian St.","23","35","Away"
"1068","Elon","10/20/12","769","Western Caro.","42","31","Home"
"1068","Elon","10/27/12","244","Furman","17","31","Home"
"1068","Elon","11/03/12","141","Citadel","24","38","Away"
"1068","Elon","11/10/12","625","Samford","15","26","Home"
"1068","Elon","11/17/12","693","Chattanooga","17","24","Away"
"1092","Gardner-Webb","09/01/12","2915","Wofford","7","34","Home"
"1092","Gardner-Webb","09/08/12","575","Richmond","8","41","Away"
"1092","Gardner-Webb","09/15/12","625","Samford","23","44","Home"
"1092","Gardner-Webb","09/22/12","545","Pittsburgh","10","55","Away"
"1092","Gardner-Webb","10/06/12","355","Liberty","35","42","Away"
"1092","Gardner-Webb","10/13/12","506041","MidAmerica Naz.","30","28","Home"
"1092","Gardner-Webb","10/20/12","683","Stony Brook","10","41","Away"
"1092","Gardner-Webb","10/27/12","741","VMI","38","7","Home"
"1092","Gardner-Webb","11/03/12","149","Coastal Caro.","33","55","Home"
"1092","Gardner-Webb","11/10/12","48","Charleston So.","10","28","Away"
"1092","Gardner-Webb","11/17/12","1320","Presbyterian","21","15","Home"
"1320","Presbyterian","09/01/12","30094","Brevard","45","10","Home"
"1320","Presbyterian","09/08/12","255","Georgia Tech","3","59","Away"
"1320","Presbyterian","09/15/12","736","Vanderbilt","0","58","Away"
"1320","Presbyterian","09/22/12","244","Furman","21","31","Home"
"1320","Presbyterian","09/29/12","173","Davidson","28","13","Away"
"1320","Presbyterian","10/06/12","741","VMI","7","17","Away"
"1320","Presbyterian","10/13/12","355","Liberty","7","56","Home"
"1320","Presbyterian","10/20/12","48","Charleston So.","21","31","Away"
"1320","Presbyterian","10/27/12","683","Stony Brook","17","56","Home"
"1320","Presbyterian","11/10/12","149","Coastal Caro.","7","65","Home"
"1320","Presbyterian","11/17/12","1092","Gardner-Webb","15","21","Away"
"2678","Ark.-Pine Bluff","09/01/12","506054","Langston","17","14","Neutral Site"
"2678","Ark.-Pine Bluff","09/08/12","6","Alabama A&M","10","14","Home"
"2678","Ark.-Pine Bluff","09/15/12","17","Alcorn St.","24","6","Away"
"2678","Ark.-Pine Bluff","09/20/12","7","Alabama St.","24","21","Away"
"2678","Ark.-Pine Bluff","09/29/12","691","Tennessee St.","13","40","Away"
"2678","Ark.-Pine Bluff","10/06/12","314","Jackson St.","34","24","Home"
"2678","Ark.-Pine Bluff","10/20/12","665","Southern U.","50","21","Away"
"2678","Ark.-Pine Bluff","10/27/12","432","Mississippi Val.","10","0","Home"
"2678","Ark.-Pine Bluff","11/03/12","699","Texas Southern","49","3","Away"
"2678","Ark.-Pine Bluff","11/10/12","261","Grambling","24","17","Away"
"2678","Ark.-Pine Bluff","11/17/12","553","Prairie View","42","41","Home"
"2678","Ark.-Pine Bluff","12/08/12","314","Jackson St.","24","21","Neutral Site"
"2915","Wofford","09/01/12","1092","Gardner-Webb","34","7","Away"
"2915","Wofford","09/08/12","357","Lincoln (PA)","82","0","Home"
"2915","Wofford","09/15/12","769","Western Caro.","49","20","Home"
"2915","Wofford","09/29/12","1068","Elon","49","24","Away"
"2915","Wofford","10/06/12","244","Furman","20","17","Home"
"2915","Wofford","10/13/12","253","Ga. Southern","9","17","Away"
"2915","Wofford","10/20/12","27","Appalachian St.","38","28","Away"
"2915","Wofford","10/27/12","141","Citadel","24","21","Home"
"2915","Wofford","11/03/12","625","Samford","17","24","Away"
"2915","Wofford","11/10/12","693","Chattanooga","16","13","Home"
"2915","Wofford","11/17/12","648","South Carolina","7","24","Away"
"2915","Wofford","12/01/12","469","New Hampshire","23","7","Home"
"2915","Wofford","12/08/12","493","North Dakota St.","7","14","Away"
