Player,Year,Team,Gms,Rec,Yds,Avg,YPG,Lg,TD,FD,Tar,YAC
Michael Thomas,2019,NO,16,149,"1,725",11.58,107.8,49,9,91,185,579
Christian McCaffrey,2019,CAR,16,116,"1,005",8.66,62.8,28,4,58,142,987
Keenan Allen,2019,LAC,16,104,"1,199",11.53,74.9,45,6,63,149,369
DeAndre Hopkins,2019,HOU,15,104,"1,165",11.2,77.7,43t,7,68,150,387
Julian Edelman,2019,NE,16,100,"1,117",11.17,69.8,44,6,54,153,320
Julio Jones,2019,ATL,15,99,"1,394",14.08,92.9,54t,6,77,157,342
Allen Robinson,2019,CHI,16,98,"1,147",11.7,71.7,49,7,63,154,272
Travis Kelce,2019,KC,16,97,"1,229",12.67,76.8,47,5,66,136,410
Cooper Kupp,2019,LA,16,94,"1,161",12.35,72.6,66,10,51,134,538
Austin Ekeler,2019,LAC,16,92,993,10.79,62.1,84t,8,42,108,940
Tyler Boyd,2019,CIN,16,90,"1,046",11.62,65.4,47,5,51,148,348
Darren Waller,2019,OAK,16,90,"1,145",12.72,71.6,75,3,53,117,578
Robert Woods,2019,LA,15,90,"1,134",12.6,75.6,48,2,54,139,576
Zach Ertz,2019,PHI,15,88,916,10.41,61.1,30,6,50,135,255
D.J. Moore,2019,CAR,15,87,"1,175",13.51,78.3,52t,4,63,135,390
Chris Godwin,2019,TB,14,86,"1,333",15.5,95.2,71t,9,63,121,577
George Kittle,2019,SF,14,85,"1,053",12.39,75.2,61t,5,53,107,602
Davante Adams,2019,GB,12,83,997,12.01,83.1,58,5,54,127,388
Jarvis Landry,2019,CLE,16,83,"1,174",14.14,73.4,65,6,55,138,436
Tyler Lockett,2019,SEA,16,82,"1,057",12.89,66.1,44t,8,53,110,301
Alvin Kamara,2019,NO,14,81,533,6.58,38.1,41,1,28,97,557
Tarik Cohen,2019,CHI,16,79,456,5.77,28.5,31,3,18,104,429
Amari Cooper,2019,DAL,16,79,"1,189",15.05,74.3,53t,8,54,119,240
Jamison Crowder,2019,NYJ,16,78,833,10.68,52.1,41,6,41,122,353
Leonard Fournette,2019,JAX,15,76,522,6.87,34.8,27,0,23,100,558
Larry Fitzgerald,2019,ARI,16,75,804,10.72,50.2,54,4,40,109,343
Austin Hooper,2019,ATL,13,75,787,10.49,60.5,35,6,41,97,335
Odell Beckham Jr.,2019,CLE,16,74,"1,035",13.99,64.7,89t,4,44,133,326
D.J. Chark,2019,JAX,15,73,"1,008",13.81,67.2,69,8,42,118,316
John Brown,2019,BUF,15,72,"1,060",14.72,70.7,53t,6,53,115,210
DeVante Parker,2019,MIA,16,72,"1,202",16.69,75.1,51,9,58,128,263
Courtland Sutton,2019,DEN,16,72,"1,112",15.44,69.5,70t,6,50,124,352
James White,2019,NE,15,72,645,8.96,43,59,5,31,95,530
Tyler Higbee,2019,LA,15,69,734,10.64,48.9,33,3,36,89,390
Christian Kirk,2019,ARI,13,68,709,10.43,54.5,69t,3,31,108,286
Cole Beasley,2019,BUF,15,67,778,11.61,51.9,51,6,37,106,330
Mike Evans,2019,TB,13,67,"1,157",17.27,89,67t,8,54,118,261
Le'Veon Bell,2019,NYJ,15,66,461,6.98,30.7,23,1,20,78,440
Michael Gallup,2019,DAL,14,66,"1,107",16.77,79.1,62,6,50,113,333
Emmanuel Sanders,2019,DEN/SF,17,66,869,13.17,51.1,75t,5,41,97,237
Dede Westbrook,2019,JAX,15,66,660,10,44,39,3,31,101,311
Kenny Golladay,2019,DET,16,65,"1,190",18.31,74.4,75t,11,52,116,304
Mark Andrews,2019,BAL,15,64,852,13.31,56.8,51,10,44,98,291
Stefon Diggs,2019,MIN,15,63,"1,130",17.94,75.3,66,6,41,94,302
Calvin Ridley,2019,ATL,13,63,866,13.75,66.6,36,7,47,93,138
Jason Witten,2019,DAL,16,63,529,8.4,33.1,33,4,27,83,162
Danny Amendola,2019,DET,15,62,678,10.94,45.2,47t,1,36,97,207
Marvin Jones,2019,DET,13,62,779,12.56,59.9,47,9,41,91,106
Devonta Freeman,2019,ATL,14,59,410,6.95,29.3,28,4,17,70,344
Diontae Johnson,2019,PIT,16,59,680,11.53,42.5,45t,5,31,92,305
Mohamed Sanu,2019,ATL/NE,15,59,520,8.81,34.7,28,2,30,89,194
Dallas Goedert,2019,PHI,15,58,607,10.47,40.5,28t,5,33,87,334
Tyreek Hill,2019,KC,12,58,860,14.83,71.7,57t,7,39,89,280
Terry McLaurin,2019,WAS,14,58,919,15.84,65.6,75t,7,43,93,217
D.K. Metcalf,2019,SEA,16,58,900,15.52,56.2,54,7,39,100,276
Deebo Samuel,2019,SF,15,57,802,14.07,53.5,42t,3,32,81,473
Sterling Shepard,2019,NYG,10,57,576,10.11,57.6,36,3,29,83,179
Randall Cobb,2019,DAL,15,55,828,15.05,55.2,59,3,41,83,329
Hunter Henry,2019,LAC,12,55,652,11.85,54.3,30t,5,36,76,159
Ezekiel Elliott,2019,DAL,16,54,420,7.78,26.2,27,2,21,71,395
Curtis Samuel,2019,CAR,16,54,627,11.61,39.2,44,6,36,105,153
Dalvin Cook,2019,MIN,14,53,519,9.79,37.1,31,0,26,63,591
Robby Anderson,2019,NYJ,16,52,779,14.98,48.7,92t,5,35,96,193
Saquon Barkley,2019,NYG,13,52,438,8.42,33.7,65,2,14,73,438
A.J. Brown,2019,TEN,16,52,"1,051",20.21,65.7,91t,8,39,84,465
Anthony Miller,2019,CHI,16,52,656,12.62,41,35,2,34,85,217
Greg Olsen,2019,CAR,14,52,597,11.48,42.6,41,2,34,82,201
Sammy Watkins,2019,KC,14,52,673,12.94,48.1,68t,3,30,90,297
Mike Gesicki,2019,MIA,16,51,570,11.18,35.6,34,5,25,89,175
Kenyan Drake,2019,MIA/ARI,14,50,345,6.9,24.6,26,0,15,68,424
Miles Sanders,2019,PHI,16,50,509,10.18,31.8,45,3,19,63,413
Will Fuller,2019,HOU,11,49,670,13.67,60.9,54,3,26,71,219
Russell Gage,2019,ATL,16,49,446,9.1,27.9,19,1,25,74,151
Aaron Jones,2019,GB,16,49,474,9.67,29.6,67t,3,18,68,437
Hunter Renfrow,2019,OAK,13,49,605,12.35,46.5,65t,4,31,71,301
Golden Tate,2019,NYG,11,49,676,13.8,61.5,64t,6,30,85,284
Mike Williams,2019,LAC,15,49,"1,001",20.43,66.7,56,2,41,90,187
Darius Slayton,2019,NYG,14,48,740,15.42,52.9,55t,8,32,84,192
Chris Conley,2019,JAX,16,47,775,16.49,48.4,70t,5,36,90,240
Jaylen Samuels,2019,PIT,14,47,305,6.49,21.8,27,1,19,57,366
Marquise Brown,2019,BAL,14,46,584,12.7,41.7,83t,7,24,71,226
T.Y. Hilton,2019,IND,10,45,501,11.13,50.1,35,5,24,68,213
Evan Engram,2019,NYG,8,44,467,10.61,58.4,75t,3,23,68,252
Nyheim Hines,2019,IND,16,44,320,7.27,20,21,0,15,58,315
Duke Johnson,2019,HOU,16,44,410,9.32,25.6,21,3,18,62,361
James Washington,2019,PIT,15,44,735,16.7,49,79t,3,31,80,185
Jared Cook,2019,NO,14,43,705,16.4,50.4,61t,9,32,65,254
Corey Davis,2019,TEN,15,43,601,13.98,40.1,38,2,33,69,217
Jack Doyle,2019,IND,16,43,448,10.42,28,23,4,29,72,216
Tyler Eifert,2019,CIN,16,43,436,10.14,27.2,27,3,24,63,112
Alex Erickson,2019,CIN,16,43,529,12.3,33.1,52,0,26,78,227
Royce Freeman,2019,DEN,16,43,256,5.95,16,19,1,10,50,259
Alshon Jeffery,2019,PHI,10,43,490,11.4,49,38,4,36,73,116
Albert Wilson,2019,MIA,13,43,351,8.16,27,35,1,22,62,179
Brandin Cooks,2019,LA,14,42,583,13.88,41.6,57,2,32,72,169
Melvin Gordon,2019,LAC,12,42,296,7.05,24.7,25,1,11,55,321
JuJu Smith-Schuster,2019,PIT,12,42,552,13.14,46,76t,3,23,70,222
Chris Thompson,2019,WAS,11,42,378,9,34.4,39,0,16,58,337
Tyrell Williams,2019,OAK,14,42,651,15.5,46.5,46t,6,33,64,190
Jacob Hollister,2019,SEA,11,41,349,8.51,31.7,22,3,16,59,169
Zach Pascal,2019,IND,16,41,607,14.8,37.9,37,5,29,72,239
Noah Fant,2019,DEN,16,40,562,14.05,35.1,75t,3,23,66,330
Kenny Stills,2019,HOU,13,40,561,14.03,43.1,45,4,27,55,144
Auden Tate,2019,CIN,12,40,575,14.38,47.9,33,1,29,80,134
Nelson Agholor,2019,PHI,11,39,363,9.31,33,43,3,17,69,132
Kyle Rudolph,2019,MIN,16,39,367,9.41,22.9,32t,6,24,48,190
Jamaal Williams,2019,GB,14,39,253,6.49,18.1,17,5,16,45,279
Jimmy Graham,2019,GB,16,38,447,11.76,27.9,48,3,23,60,246
Vance McDonald,2019,PIT,14,38,273,7.18,19.5,22,3,12,55,172
Chris Carson,2019,SEA,15,37,266,7.19,17.7,21,2,10,47,317
Gerald Everett,2019,LA,13,37,408,11.03,31.4,33,2,22,60,178
Adam Humphries,2019,TEN,12,37,374,10.11,31.2,30,2,20,47,120
Kareem Hunt,2019,CLE,8,37,285,7.7,35.6,29,1,17,44,276
Jordan Akins,2019,HOU,16,36,418,11.61,26.1,53t,2,21,55,246
Cameron Brate,2019,TB,16,36,311,8.64,19.4,37,4,21,55,90
Nick Chubb,2019,CLE,16,36,278,7.72,17.4,32,0,13,49,318
David Johnson,2019,ARI,13,36,370,10.28,28.5,31,4,17,47,226
Breshad Perriman,2019,TB,14,36,645,17.92,46.1,44,6,29,69,127
Jalen Richard,2019,OAK,16,36,323,8.97,20.2,33,0,15,43,236
Irv Smith,2019,MIN,16,36,311,8.64,19.4,29,2,17,47,136
Demaryius Thomas,2019,NYJ,11,36,433,12.03,39.4,47,1,22,58,170
DeAndre Washington,2019,OAK,16,36,292,8.11,18.2,28,0,10,41,246
Allen Lazard,2019,GB,16,35,477,13.63,29.8,43,3,24,52,131
Phillip Lindsay,2019,DEN,16,35,196,5.6,12.2,36,0,9,48,243
Joe Mixon,2019,CIN,16,35,287,8.2,17.9,33,3,14,45,331
Dare Ogunbowale,2019,TB,16,35,286,8.17,17.9,21,0,14,46,207
Jonnu Smith,2019,TEN,16,35,439,12.54,27.4,57,3,16,44,273
Geronimo Allison,2019,GB,16,34,287,8.44,17.9,31,2,16,55,110
James Conner,2019,PIT,10,34,251,7.38,25.1,26t,3,14,38,298
Darren Fells,2019,HOU,16,34,341,10.03,21.3,24,7,22,48,168
Ryan Griffin,2019,NYJ,13,34,320,9.41,24.6,45,5,19,41,182
O.J. Howard,2019,TB,14,34,459,13.5,32.8,33,1,23,53,150
J.D. McKissic,2019,DET,16,34,233,6.85,14.6,26t,1,7,42,237
Latavius Murray,2019,NO,16,34,235,6.91,14.7,30,1,9,43,284
Steven Sims,2019,WAS,16,34,310,9.12,19.4,65,4,18,56,172
Damiere Byrd,2019,ARI,11,32,359,11.22,32.6,58,1,16,46,150
T.J. Hockenson,2019,DET,12,32,367,11.47,30.6,39,2,19,59,200
Allen Hurns,2019,MIA,14,32,416,13,29.7,27,2,18,47,96
Demarcus Robinson,2019,KC,16,32,449,14.03,28.1,44t,4,19,55,103
Preston Williams,2019,MIA,8,32,428,13.38,53.5,35,3,24,60,61
Nick Boyle,2019,BAL,16,31,321,10.35,20.1,35,2,13,43,160
Eric Ebron,2019,IND,11,31,375,12.1,34.1,48t,3,20,52,155
Todd Gurley,2019,LA,15,31,207,6.68,13.8,23,2,8,49,196
Blake Jarwin,2019,DAL,16,31,365,11.77,22.8,42t,3,17,41,157
Olabisi Johnson,2019,MIN,16,31,294,9.48,18.4,23,3,17,45,68
Ronald Jones II,2019,TB,16,31,309,9.97,19.3,41,0,12,40,294
Kaden Smith,2019,NYG,9,31,268,8.65,29.8,32,3,12,42,91
Willie Snead,2019,BAL,16,31,339,10.94,21.2,50t,5,20,46,126
Giovani Bernard,2019,CIN,16,30,234,7.8,14.6,35,0,7,43,220
Kendrick Bourne,2019,SF,16,30,358,11.93,22.4,30,5,23,44,122
Ted Ginn Jr.,2019,NO,16,30,421,14.03,26.3,45,2,20,56,48
Kelvin Harmon,2019,WAS,16,30,365,12.17,22.8,30,0,16,44,94
Hayden Hurst,2019,BAL,16,30,349,11.63,21.8,61t,2,16,39,148
Adam Thielen,2019,MIN,10,30,418,13.93,41.8,44,6,18,48,117
Damien Williams,2019,KC,11,30,213,7.1,19.4,32,2,10,37,230
Phillip Dorsett,2019,NE,14,29,397,13.69,28.4,58t,5,17,54,79
Taylor Gabriel,2019,CHI,9,29,353,12.17,39.2,53,4,17,48,79
Devin Singletary,2019,BUF,12,29,194,6.69,16.2,49,2,5,41,193
DaeSean Hamilton,2019,DEN,16,28,297,10.61,18.6,28,1,19,52,128
Dawson Knox,2019,BUF,15,28,388,13.86,25.9,49,2,15,50,144
LeSean McCoy,2019,KC,13,28,181,6.46,13.9,23,1,5,34,236
Paul Richardson,2019,WAS,10,28,245,8.75,24.5,22,2,13,42,50
John Ross,2019,CIN,8,28,506,18.07,63.2,66t,3,22,56,198
Greg Ward,2019,PHI,7,28,254,9.07,36.3,38,1,18,40,98
Jarius Wright,2019,CAR,16,28,296,10.57,18.5,33,0,16,58,89
Rex Burkhead,2019,NE,13,27,279,10.33,21.5,32,0,10,38,229
Josh Gordon,2019,NE/SEA,11,27,426,15.78,38.7,58,1,16,47,149
Zay Jones,2019,BUF/OAK,15,27,216,8,14.4,23,0,10,45,77
Isaiah McKenzie,2019,BUF,15,27,254,9.41,16.9,46,1,12,39,206
C.J. Uzomah,2019,CIN,16,27,242,8.96,15.1,36,2,12,40,135
Mecole Hardman,2019,KC,16,26,538,20.69,33.6,83t,6,18,41,292
Mark Ingram,2019,BAL,15,26,247,9.5,16.5,25t,5,16,29,220
Jakobi Meyers,2019,NE,15,26,359,13.81,23.9,35,0,17,41,114
Trey Quinn,2019,WAS,12,26,198,7.62,16.5,19,1,10,47,61
Jeremy Sprinkle,2019,WAS,16,26,241,9.27,15.1,23,1,13,40,91
Marquez Valdes-Scantling,2019,GB,16,26,452,17.38,28.2,74t,2,14,56,155
Pharoh Cooper,2019,ARI,12,25,243,9.72,20.2,28,1,10,33,70
Josh Hill,2019,NO,16,25,226,9.04,14.1,29,3,13,35,159
Dion Lewis,2019,TEN,16,25,164,6.56,10.2,24,1,7,32,193
David Montgomery,2019,CHI,16,25,185,7.4,11.6,30,1,7,35,156
Tajae Sharpe,2019,TEN,15,25,329,13.16,21.9,47,4,20,35,58
Keelan Cole,2019,JAX,16,24,361,15.04,22.6,55,3,19,35,99
Ty Johnson,2019,DET,16,24,109,4.54,6.8,13,0,4,31,93
Cody Latimer,2019,NYG,15,24,300,12.5,20,43,2,19,42,69
Boston Scott,2019,PHI,11,24,204,8.5,18.6,39,0,10,26,273
Will Dissly,2019,SEA,6,23,262,11.39,43.7,38,4,14,27,70
Isaiah Ford,2019,MIA,8,23,244,10.61,30.5,28,0,16,35,86
Bennie Fowler,2019,NYG,8,23,193,8.39,24.1,17,0,12,36,29
Patrick Laird,2019,MIA,15,23,204,8.87,13.6,21,0,13,30,176
Keke Coutee,2019,HOU,9,22,254,11.55,28.2,51,0,10,36,140
Tevin Coleman,2019,SF,14,21,180,8.57,12.9,37,1,9,30,204
KeeSean Johnson,2019,ARI,10,21,187,8.9,18.7,31,1,10,42,43
Foster Moreau,2019,OAK,13,21,174,8.29,13.4,23,5,14,25,97
Josh Reynolds,2019,LA,16,21,326,15.52,20.4,31t,1,15,43,139
Seth Roberts,2019,BAL,16,21,271,12.9,16.9,33t,2,18,35,70
Delanie Walker,2019,TEN,7,21,215,10.24,30.7,29,2,11,31,66
Josh Jacobs,2019,OAK,13,20,166,8.3,12.8,28,0,8,27,183
Kyle Juszczyk,2019,SF,12,20,239,11.95,19.9,49,1,11,24,157
Matt Breida,2019,SF,13,19,120,6.32,9.2,17,1,6,22,127
Jakeem Grant,2019,MIA,10,19,164,8.63,16.4,18,0,9,33,87
Justin Hardy,2019,ATL,16,19,195,10.26,12.2,23,0,9,26,81
Taysom Hill,2019,NO,16,19,234,12.32,14.6,45t,6,14,22,149
Parris Campbell,2019,IND,7,18,127,7.06,18.1,27,1,6,24,106
Charles Clay,2019,ARI,15,18,237,13.17,15.8,47,1,12,24,95
Rhett Ellison,2019,NYG,10,18,167,9.28,16.7,31,1,4,28,83
Derrick Henry,2019,TEN,15,18,206,11.44,13.7,75t,2,4,24,236
Tre'Quan Smith,2019,NO,11,18,234,13,21.3,32,5,17,25,115
Javon Wims,2019,CHI,16,18,186,10.33,11.6,37,1,9,39,45
C.J. Ham,2019,MIN,16,17,149,8.76,9.3,36,1,6,26,125
Marcus Johnson,2019,IND,8,17,277,16.29,34.6,50,2,12,33,43
David Moore,2019,SEA,14,17,301,17.71,21.5,60t,2,14,34,128
Adrian Peterson,2019,WAS,15,17,142,8.35,9.5,22,0,7,23,161
Vyncint Smith,2019,NYJ,13,17,225,13.24,17.3,37,0,11,31,105
Nick Vannett,2019,SEA/PIT,16,17,166,9.76,10.4,18,0,5,22,66
Benjamin Watson,2019,NE,10,17,173,10.18,17.3,26,0,9,24,83
Peyton Barber,2019,TB,16,16,115,7.19,7.2,16,1,4,24,118
Jaron Brown,2019,SEA,14,16,220,13.75,15.7,48,2,10,28,59
Jesse James,2019,DET,16,16,142,8.88,8.9,23,0,8,27,65
Tim Patrick,2019,DEN,8,16,218,13.63,27.2,38,0,14,31,38
Chester Rogers,2019,IND,12,16,179,11.19,14.9,27,2,11,28,69
Ian Thomas,2019,CAR,16,16,136,8.5,8.5,19,1,10,30,77
Logan Thomas,2019,DET,16,16,173,10.81,10.8,17,1,10,28,77
Ameer Abdullah,2019,MIN,16,15,88,5.87,5.5,16t,1,5,21,79
Ross Dwelley,2019,SF,16,15,91,6.07,5.7,25,2,8,22,40
Demetrius Harris,2019,CLE,15,15,149,9.93,9.9,23,3,10,27,68
Marcedes Lewis,2019,GB,16,15,156,10.4,9.8,25,1,8,19,82
Tony Pollard,2019,DAL,15,15,107,7.13,7.1,21t,1,4,20,135
Malik Turner,2019,SEA,15,15,245,16.33,16.3,33t,1,10,22,101
Mark Walton,2019,MIA,7,15,89,5.93,12.7,18,0,3,21,106
Justin Watson,2019,TB,16,15,159,10.6,9.9,17t,2,10,26,14
Darrel Williams,2019,KC,12,15,167,11.13,13.9,52,1,7,19,179
Maxx Williams,2019,ARI,16,15,202,13.47,12.6,28,1,11,19,104
Ryquell Armstead,2019,JAX,16,14,144,10.29,9,31,2,9,24,112
Kalen Ballage,2019,MIA,12,14,63,4.5,5.2,13,0,4,24,87
Trey Burton,2019,CHI,8,14,84,6,10.5,16,0,5,24,36
Anthony Firkser,2019,TEN,15,14,204,14.57,13.6,39,1,9,24,71
Jeff Heuerman,2019,DEN,14,14,114,8.14,8.1,26,1,9,20,42
Marlon Mack,2019,IND,14,14,82,5.86,5.9,14,0,2,17,80
Raheem Mostert,2019,SF,16,14,180,12.86,11.2,39t,2,6,22,155
James O'Shaughnessy,2019,JAX,5,14,153,10.93,30.6,35,2,7,20,81
Ricky Seals-Jones,2019,CLE,14,14,229,16.36,16.4,59,4,10,22,95
Tavon Austin,2019,DAL,14,13,177,13.62,12.6,59t,1,8,24,85
Miles Boykin,2019,BAL,16,13,198,15.23,12.4,50,3,10,22,12
Derek Carrier,2019,OAK,16,13,108,8.31,6.8,25,1,4,19,51
Frank Gore,2019,BUF,16,13,100,7.69,6.2,18,0,5,16,88
Matt LaCosse,2019,NE,11,13,131,10.08,11.9,24,1,6,19,46
Scott Miller,2019,TB,10,13,200,15.38,20,48,1,5,26,36
Ty Montgomery,2019,NYJ,16,13,90,6.92,5.6,21,0,3,17,94
Nick O'Leary,2019,MIA/JAX,12,13,109,8.38,9.1,19,1,4,18,39
Geoff Swaim,2019,JAX,6,13,65,5,10.8,9,0,1,17,41
T.J. Yeldon,2019,BUF,6,13,124,9.54,20.7,23,0,6,15,119
Seth Devalve,2019,JAX,12,12,140,11.67,11.7,20,0,7,18,61
Chase Edmonds,2019,ARI,13,12,105,8.75,8.1,31,1,5,21,105
Marquise Goodwin,2019,SF,9,12,186,15.5,20.7,38t,1,10,21,33
N'Keal Harry,2019,NE,7,12,105,8.75,15,18,2,7,24,42
Dontrell Hilliard,2019,CLE,14,12,92,7.67,6.6,19,0,4,15,103
Dontrelle Inman,2019,LAC/IND,7,12,181,15.08,25.9,28,0,9,21,30
Jake Kumerow,2019,GB,14,12,219,18.25,15.6,49,1,8,21,85
Sony Michel,2019,NE,16,12,94,7.83,5.9,19,0,7,20,121
Byron Pringle,2019,KC,16,12,170,14.17,10.6,28,1,7,16,63
Damion Ratley,2019,CLE,13,12,200,16.67,15.4,46t,1,11,24,47
D'haquille Williams,2019,BUF,4,12,166,13.83,41.5,41,1,8,19,50
Christian Blake,2019,ATL,9,11,91,8.27,10.1,13,0,5,24,24
DeAndre Carter,2019,HOU,16,11,162,14.73,10.1,46,0,6,14,57
Keelan Doss,2019,OAK,8,11,133,12.09,16.6,31,0,6,14,57
Wayne Gallman,2019,NYG,10,11,102,9.27,10.2,21,1,4,15,104
Travis Homer,2019,SEA,16,11,56,5.09,3.5,11,0,3,13,60
Cordarrelle Patterson,2019,CHI,16,11,83,7.55,5.2,33,0,3,17,72
Dante Pettis,2019,SF,11,11,109,9.91,9.9,21t,2,7,24,23
Ito Smith,2019,ATL,7,11,87,7.91,12.4,11,0,2,14,72
J.J. Arcega-Whiteside,2019,PHI,16,10,169,16.9,10.6,30,1,7,22,16
Vernon Davis,2019,WAS,4,10,123,12.3,30.8,48t,1,4,19,80
Brian Hill,2019,ATL,12,10,69,6.9,5.8,12,1,4,14,54
Mack Hollins,2019,PHI/MIA,16,10,125,12.5,7.8,20,0,7,23,33
Jordan Howard,2019,PHI,10,10,69,6.9,6.9,20t,1,3,14,69
Carlos Hyde,2019,HOU,16,10,42,4.2,2.6,14,0,2,16,51
Kerryon Johnson,2019,DET,8,10,127,12.7,15.9,36t,1,7,15,116
Alexander Mattison,2019,MIN,13,10,82,8.2,6.3,17,0,3,12,74
C.J. Prosise,2019,SEA,9,10,76,7.6,8.4,21,0,3,12,66
Robert Tonyan,2019,GB,11,10,100,10,9.1,28,1,4,15,26
Andrew Beck,2019,DEN,16,9,90,10,5.6,29,1,6,12,67
Brandon Bolden,2019,NE,15,9,111,12.33,7.4,29t,1,6,11,59
Deon Cain,2019,IND/PIT,13,9,124,13.78,9.5,35,0,7,20,22
Jaeden Graham,2019,ATL,16,9,149,16.56,9.3,53,1,7,10,73
Virgil Green,2019,LAC,15,9,78,8.67,5.2,15,1,4,13,39
Andy Isabella,2019,ARI,15,9,189,21,12.6,88t,1,4,13,140
DeSean Jackson,2019,PHI,3,9,159,17.67,53,53t,2,6,10,15
Justin Jackson,2019,LAC,7,9,22,2.44,3.1,9,0,0,11,38
Joshua Perkins,2019,PHI,5,9,87,9.67,17.4,24t,1,5,13,26
Kalif Raymond,2019,TEN,8,9,170,18.89,21.2,52,1,6,12,14
Adam Shaheen,2019,CHI,8,9,74,8.22,9.2,18,0,3,13,38
Wendell Smallwood,2019,WAS,15,9,64,7.11,4.3,18,0,4,13,50
Darwin Thompson,2019,KC,12,9,43,4.78,3.6,19,0,2,10,62
Laquon Treadwell,2019,MIN,13,9,184,20.44,14.2,58t,1,8,16,57
Damion Willis,2019,CIN,10,9,82,9.11,8.2,17,0,3,16,16
Mo Alie-Cox,2019,IND,16,8,93,11.63,5.8,21,0,5,11,60
Dan Arnold,2019,NO/ARI,5,8,127,15.88,25.4,37,2,6,14,29
Blake Bell,2019,KC,15,8,67,8.38,4.5,30,0,3,15,9
Antonio Callaway,2019,CLE,4,8,89,11.13,22.2,41,0,3,15,44
Tyler Conklin,2019,MIN,15,8,58,7.25,3.9,20,0,2,10,18
Trevor Davis,2019,GB/OAK,11,8,111,13.88,10.1,28,0,4,11,65
Hale Hentges,2019,WAS,11,8,103,12.88,9.4,24,1,6,14,47
Justice Hill,2019,BAL,16,8,70,8.75,4.4,14,0,5,15,81
Chris Hogan,2019,CAR,7,8,67,8.38,9.6,13,0,3,15,29
Jesper Horsted,2019,CHI,6,8,87,10.88,14.5,20,1,4,10,30
Rashaad Penny,2019,SEA,10,8,83,10.38,8.3,30,1,3,11,91
Patrick Ricard,2019,BAL,16,8,47,5.88,2.9,10,1,3,11,52
Luke Stocker,2019,ATL,15,8,53,6.63,3.5,18,0,2,14,36
Tommy Sweeney,2019,BUF,6,8,114,14.25,19,29,0,4,13,38
Ryan Switzer,2019,PIT,9,8,27,3.38,3,8,0,2,11,17
Luke Willson,2019,SEA,8,8,79,9.88,9.9,17,0,5,10,38
Brandon Zylstra,2019,CAR,8,8,106,13.25,13.2,40,0,5,12,10
Daniel Brown,2019,NYJ,16,7,72,10.29,4.5,24,1,4,11,21
Mike Davis,2019,CHI,7,7,22,3.14,3.1,7,0,1,8,27
Gus Edwards,2019,BAL,16,7,45,6.43,2.8,10,0,2,7,45
Myles Gaskin,2019,MIA,7,7,51,7.29,7.3,20,0,2,12,46
Derrius Guice,2019,WAS,5,7,79,11.29,15.8,45t,1,2,9,86
Marvin Hall,2019,DET,9,7,261,37.29,29,58,1,7,11,36
J.P. Holtz,2019,CHI,14,7,91,13,6.5,30,0,4,8,79
Bilal Powell,2019,NYJ,13,7,33,4.71,2.5,9,0,0,12,45
Durham Smythe,2019,MIA,16,7,65,9.29,4.1,24,0,2,14,10
Dan Vitale,2019,GB,15,7,97,13.86,6.5,27,0,3,12,56
Jordan Wilkins,2019,IND,14,7,43,6.14,3.1,11,0,1,11,32
Kenjon Barner,2019,ATL,14,6,22,3.67,1.6,13,0,1,8,27
Travis Benjamin,2019,LAC,5,6,30,5,6,13,0,3,16,19
Braxton Berrios,2019,NYJ,16,6,115,19.17,7.2,69,0,3,13,87
Reggie Bonnafon,2019,CAR,16,6,57,9.5,3.6,32,0,1,9,52
Devontae Booker,2019,DEN,16,6,57,9.5,3.6,25,0,1,9,44
Ben Braunecker,2019,CHI,11,6,59,9.83,5.4,18t,1,5,11,25
Trey Edmunds,2019,PIT,11,6,48,8,4.4,11,0,2,7,42
Troy Fumagalli,2019,DEN,11,6,38,6.33,3.5,9,1,1,9,14
Deonte Harris,2019,NO,14,6,24,4,1.7,13,0,2,6,37
Alec Ingold,2019,OAK,16,6,44,7.33,2.8,14,1,4,6,38
Ryan Izzo,2019,NE,6,6,114,19,19,41,1,4,9,50
Richie James,2019,SF,16,6,165,27.5,10.3,57,1,5,10,103
D'Ernest Johnson,2019,CLE,16,6,71,11.83,4.4,27,0,1,7,43
Tyler Kroft,2019,BUF,11,6,71,11.83,6.5,20,1,5,14,27
Zach Line,2019,NO,12,6,36,6,3,12,0,1,10,45
Andre Patton,2019,LAC,13,6,56,9.33,4.3,15,0,4,17,28
MyCole Pruitt,2019,TEN,16,6,90,15,5.6,42,1,4,8,65
Riley Ridley,2019,CHI,5,6,69,11.5,13.8,32,0,4,7,15
Diontae Spencer,2019,DEN,16,6,31,5.17,1.9,20,0,1,8,33
Darren Sproles,2019,PHI,6,6,24,4,4,7,0,1,10,25
Marcell Ateman,2019,OAK,11,5,116,23.2,10.6,36,0,3,10,19
Stephen Carlson,2019,CLE,9,5,51,10.2,5.7,21,1,2,7,21
Patrick DiMarco,2019,BUF,16,5,41,8.2,2.6,27,0,1,7,31
Andy Janovich,2019,DEN,7,5,42,8.4,6,22,0,1,5,33
David Njoku,2019,CLE,4,5,41,8.2,10.2,18,1,3,10,16
Drew Sample,2019,CIN,9,5,30,6,3.3,21,0,1,6,13
Devin Smith,2019,DAL,4,5,113,22.6,28.2,51t,1,4,9,32
Spencer Ware,2019,KC,3,5,22,4.4,7.3,18,0,1,7,15
Jonathan Williams,2019,IND,9,5,59,11.8,6.6,31,0,3,5,64
Cedrick Wilson,2019,DAL,6,5,46,9.2,7.7,14,0,2,8,11
Nick Bawden,2019,DET,10,4,17,4.25,1.7,10,0,1,6,20
Khari Blasingame,2019,TEN,6,4,54,13.5,9,24,0,2,5,33
Antonio Brown,2019,NE,1,4,56,14,56,20t,1,3,8,7
Tra Carson,2019,GB,2,4,18,4.5,9,8,0,0,4,14
Michael Crabtree,2019,ARI,2,4,22,5.5,11,9,0,0,5,5
Ryan Grant,2019,OAK,2,4,14,3.5,7,9,0,1,9,5
Darrell Henderson,2019,LA,13,4,37,9.25,2.9,14,0,1,6,37
Rashard Higgins,2019,CLE,10,4,55,13.75,5.5,35,1,3,11,9
Khadarel Hodge,2019,CLE,16,4,76,19,4.8,41,0,3,10,9
Tevin Jones,2019,PIT,5,4,61,15.25,12.2,28,0,1,10,11
Jordan Matthews,2019,PHI,2,4,33,8.25,16.5,10,0,1,12,7
Donte Moncrief,2019,PIT,5,4,18,4.5,3.6,11,0,1,15,3
John Mundt,2019,LA,13,4,26,6.5,2,9,0,1,7,10
J.J. Nelson,2019,OAK,2,4,36,9,18,29t,1,1,5,15
Trent Sherfield,2019,ARI,16,4,80,20,5,38,0,4,13,10
Lee Smith,2019,BUF,16,4,31,7.75,1.9,9,1,2,5,9
Ross Travis,2019,IND,3,4,51,12.75,17,25,0,1,6,31
Clive Walford,2019,MIA,7,4,57,14.25,8.1,19,0,4,8,27
DeAndrew White,2019,CAR,10,4,51,12.75,5.1,18,0,3,9,28
Mike Boone,2019,MIN,16,3,17,5.67,1.1,7,0,0,4,26
Cody Core,2019,NYG,16,3,28,9.33,1.8,11,0,2,5,3
Geremy Davis,2019,LAC,7,3,38,12.67,5.4,19,0,1,3,2
Robert Foster,2019,BUF,13,3,64,21.33,4.9,24,0,3,18,32
Devin Funchess,2019,IND,1,3,32,10.67,32,16,0,2,5,6
Jon Hilliman,2019,NYG,3,3,1,0.33,0.3,5,0,0,4,10
Johnny Holton,2019,PIT,16,3,21,7,1.3,18,0,1,15,10
T.J. Jones,2019,NYG,3,3,38,12.67,12.7,28,1,2,4,23
Lance Kendricks,2019,LAC,12,3,50,16.67,4.2,24,0,3,7,7
Chris Lacy,2019,DET,7,3,60,20,8.6,48,0,2,10,9
Marqise Lee,2019,JAX,6,3,18,6,3,8,0,2,4,5
Chris Moore,2019,BAL,14,3,21,7,1.5,13,0,0,5,10
Stanley Morgan,2019,CIN,11,3,18,6,1.6,9,0,0,10,10
Josh Oliver,2019,JAX,4,3,15,5,3.8,6,0,0,6,5
Devine Ozigbo,2019,JAX,10,3,23,7.67,2.3,12,0,1,5,20
Andre Roberts,2019,BUF,13,3,20,6.67,1.5,7,0,1,7,5
Russell Shepard,2019,NYG,3,3,25,8.33,8.3,12,0,1,8,13
Benjamin Snell,2019,PIT,13,3,23,7.67,1.8,14,0,0,4,22
Derek Watt,2019,LAC,16,3,32,10.67,2,21,0,1,5,28
Jesus Wilson,2019,TB,6,3,35,11.67,5.8,14,0,2,11,3
Jeffery Wilson,2019,SF,10,3,34,11.33,3.4,25t,1,1,5,21
Deon Yelder,2019,KC,9,3,50,16.67,5.6,24,0,2,4,32
Olamide Zaccheaus,2019,ATL,10,3,115,38.33,11.5,93t,1,2,5,63
Alex Armah,2019,CAR,16,2,6,3,0.4,4,0,0,2,7
Chad Beebe,2019,MIN,3,2,70,35,23.3,61,0,2,2,66
Josh Bellamy,2019,NYJ,7,2,20,10,2.9,15,0,1,3,10
Nick Bellore,2019,SEA,14,2,23,11.5,1.6,20,1,2,2,21
C.J. Board,2019,JAX,4,2,31,15.5,7.8,23,0,1,4,6
Fred Brown,2019,DEN,13,2,21,10.5,1.6,16,0,1,3,0
Malcolm Brown,2019,LA,14,2,16,8,1.1,10,0,0,6,7
Pharaoh Brown,2019,CLE,9,2,27,13.5,3,18,0,1,3,14
Deontay Burnett,2019,PHI,1,2,48,24,48,41,0,1,4,6
Cethan Carter,2019,CIN,15,2,13,6.5,0.9,8t,1,2,3,5
Robert Davis,2019,WAS/PHI,6,2,17,8.5,2.8,11,0,2,5,2
Ashton Dulin,2019,IND,13,2,17,8.5,1.3,13,0,0,2,23
Tyler Ervin,2019,GB,4,2,11,5.5,2.8,6,0,1,4,12
Rico Gafford,2019,OAK,4,2,66,33,16.5,49t,1,2,2,17
Wes Hills,2019,DET,1,2,1,0.5,1,2,0,0,2,3
Alexander Hollins,2019,MIN,5,2,46,23,9.2,35,0,2,4,6
Cody Hollister,2019,TEN,5,2,13,6.5,2.6,11,0,0,2,3
Tanner Hudson,2019,TB,9,2,26,13,2.9,14,0,1,5,2
Ishmael Hyman,2019,TB,2,2,34,17,17,31,0,2,4,1
Darius Jennings,2019,TEN,8,2,17,8.5,2.1,11,0,2,5,14
T.J. Logan,2019,TB,12,2,13,6.5,1.1,11,0,1,3,9
Steven Mitchell,2019,HOU,3,2,37,18.5,12.3,21,0,2,6,14
Jason Moore,2019,LAC,10,2,43,21.5,4.3,32,0,2,5,6
Isaac Nauta,2019,DET,6,2,13,6.5,2.2,10,0,1,3,8
Roosevelt Nix,2019,PIT,3,2,4,2,1.3,4,0,0,3,9
Gunner Olszewski,2019,NE,8,2,34,17,4.2,29,0,1,4,16
Elijhaa Penny,2019,NYG,16,2,9,4.5,0.6,9,0,0,4,22
Troymaine Pope,2019,LAC,14,2,14,7,1,13t,1,1,3,11
Eric Saubert,2019,CHI,2,2,21,10.5,10.5,11,0,1,3,18
Da'Mari Scott,2019,NYG,5,2,22,11,4.4,11,0,2,3,14
Anthony Sherman,2019,KC,16,2,22,11,1.4,15,0,2,3,23
Scott Simonson,2019,NYG,5,2,11,5.5,2.2,10,0,1,2,3
Cam Sims,2019,WAS,7,2,27,13.5,3.9,15,0,1,3,8
Mike Thomas,2019,LA,16,2,14,7,0.9,9,0,1,5,10
Levine Toilolo,2019,SF,13,2,10,5,0.8,8,0,0,2,13
Michael Walker,2019,JAX,7,2,15,7.5,2.1,9,0,1,3,7
Trevon Wesco,2019,NYJ,16,2,47,23.5,2.9,32,0,2,3,40
Zach Zenner,2019,NO/ARI,4,2,19,9.5,4.8,13,0,2,3,19
Jamal Agnew,2019,DET,13,1,-2,-2,-0.1,-2,0,0,2,1
Javorius Allen,2019,NYG,10,1,9,9,0.9,9,0,0,2,4
Antony Auclair,2019,TB,8,1,11,11,1.4,11,0,1,3,8
David Blough,2019,DET,5,1,19,19,3.8,19t,1,1,1,5
Garrett Bradbury,2019,MIN,16,1,-4,-4,-0.2,-4,0,0,1,0
Jacoby Brissett,2019,IND,15,1,2,2,0.1,2,0,0,1,2
Ventell Bryant,2019,DAL,12,1,15,15,1.2,15t,1,1,1,0
Kevin Byard,2019,TEN,16,1,11,11,0.7,11,0,1,1,8
Austin Carr,2019,NO,6,1,9,9,1.5,9,0,1,4,4
Sean Culkin,2019,LAC,4,1,12,12,3,12,0,1,2,0
Andy Dalton,2019,CIN,13,1,-4,-4,-0.3,-4,0,0,1,4
Darrell Daniels,2019,ARI,11,1,4,4,0.4,4,0,1,3,0
Cody Davis,2019,JAX,16,1,7,7,0.4,7,0,1,1,5
Rashard Davis,2019,TEN,1,1,16,16,16,16,0,1,1,0
Dion Dawkins,2019,BUF,16,1,1,1,0.1,1t,1,1,1,0
Michael Deiter,2019,MIA,16,1,0,0,0,0,0,0,1,0
Jeff Driskel,2019,DET,3,1,6,6,2,6,0,0,1,9
Quincy Enunwa,2019,NYJ,1,1,-4,-4,-4,8,0,0,3,-4
Zach Gentry,2019,PIT,4,1,4,4,1,4,0,1,1,2
Cyril Grayson,2019,TB,2,1,3,3,1.5,3,0,0,1,1
Xavier Grimble,2019,PIT,3,1,3,3,1,3,0,0,3,2
Dwayne Harris,2019,OAK,3,1,7,7,2.3,7,0,0,1,7
Chris Herndon IV,2019,NYJ,1,1,7,7,7,7,0,0,2,5
Krishawn Hogan,2019,NO,8,1,4,4,0.5,4,0,0,1,2
Jakob Johnson,2019,NE,4,1,5,5,1.2,5,0,0,2,1
Charles Jones,2019,JAX,4,1,5,5,1.2,5,0,0,1,2
Taiwan Jones,2019,HOU,11,1,9,9,0.8,9,0,0,1,12
Dennis Kelly,2019,TEN,15,1,1,1,0.1,1t,1,1,1,0
Ben Koyack,2019,JAX,11,1,9,9,0.8,9,0,0,3,3
Chris Manhertz,2019,CAR,15,1,11,11,0.7,11,0,1,1,9
Codey McElroy,2019,TB,1,1,30,30,30,30,0,1,1,0
Kaleb McGary,2019,ATL,16,1,-3,-3,-0.2,-3,0,0,1,0
Qadree Ollison,2019,ATL,8,1,7,7,0.9,7,0,1,2,3
Ricky Ortiz,2019,NO,1,1,8,8,8,8,0,0,1,7
Paul Perkins,2019,DET,4,1,9,9,2.2,9,0,0,1,10
Senorise Perry,2019,BUF,11,1,1,1,0.1,1,0,0,1,2
David Quessenberry,2019,TEN,4,1,1,1,0.2,1t,1,1,1,0
Elandon Roberts,2019,NE,16,1,38,38,2.4,38t,1,1,1,31
Ty Sambrailo,2019,ATL,13,1,35,35,2.7,35t,1,1,1,20
Jason Sanders,2019,MIA,16,1,1,1,0.1,1t,1,1,1,0
Bo Scarbrough,2019,DET,6,1,5,5,0.8,5,0,0,4,8
Dalton Schultz,2019,DAL,16,1,6,6,0.4,6,0,0,2,1
Jaleel Scott,2019,BAL,3,1,6,6,2,6,0,0,3,6
Nick Scott,2019,LA,16,1,23,23,1.4,23,0,1,1,20
Darrius Shepherd,2019,GB,6,1,1,1,0.2,1,0,0,2,3
Jeff Smith,2019,NYJ,1,1,12,12,12,12,0,1,2,0
Keith Smith,2019,ATL,16,1,13,13,0.8,13,0,1,3,13
Tyrone Swoopes,2019,SEA,5,1,5,5,1,5,0,0,1,7
Wyatt Teller,2019,CLE,15,1,-5,-5,-0.3,-5,0,0,1,0
De'Anthony Thomas,2019,KC,6,1,6,6,1,6,0,0,2,3
Jordan Thomas,2019,HOU,5,1,8,8,1.6,8,0,0,3,3
Eric Tomlinson,2019,NE,2,1,1,1,0.5,1,0,0,1,1
John Ursua,2019,SEA,3,1,11,11,3.7,11,0,1,1,0
Vita Vea,2019,TB,16,1,1,1,0.1,1t,1,1,1,0
Dwayne Washington,2019,NO,16,1,6,6,0.4,6,0,0,1,11
Deshaun Watson,2019,HOU,15,1,6,6,0.4,6t,1,1,1,6
Kerrith Whyte,2019,PIT,6,1,9,9,1.5,9,0,1,1,11
Christian Wilkins,2019,MIA,16,1,1,1,0.1,1t,1,1,1,1
Jay Ajayi,2019,PHI,3,0,0,0,0,0,0,0,1,0
Michael Burton,2019,WAS,10,0,0,0,0,0,0,0,1,0
Kirk Cousins,2019,MIN,15,0,0,0,0,0,0,0,1,0
Dane Cruikshank,2019,TEN,16,0,0,0,0,0,0,0,1,0
Dalyn Dawkins,2019,TEN,2,0,0,0,0,0,0,0,1,0
George Fant,2019,SEA,16,0,0,0,0,0,0,0,1,0
Travis Fulgham,2019,DET,3,0,0,0,0,0,0,0,3,0
Jalen Guyton,2019,LAC,3,0,0,0,0,0,0,0,2,0
Justin Hardee,2019,NO,16,0,0,0,0,0,0,0,1,0
Lil'Jordan Humphrey,2019,NO,5,0,0,0,0,0,0,0,1,0
Deon Lacey,2019,MIA,16,0,0,0,0,0,0,0,1,0
David Long,2019,LA,8,0,0,0,0,0,0,0,1,0
Baker Mayfield,2019,CLE,16,0,0,0,0,0,0,0,0,0
Jamize Olawale,2019,DAL,16,0,0,0,0,0,0,0,2,0
Jace Sternberger,2019,GB,6,0,0,0,0,0,0,0,1,0
Taywan Taylor,2019,CLE,3,0,0,0,0,0,0,0,1,0
Tyrod Taylor,2019,LAC,8,0,0,0,0,0,0,0,1,0
Chad Williams,2019,IND,1,0,0,0,0,0,0,0,1,0
Michael Thomas,2018,NO,16,125,"1,405",11.24,87.8,72t,9,75,147,514
Zach Ertz,2018,PHI,16,116,"1,163",10.03,72.7,34,8,66,156,353
DeAndre Hopkins,2018,HOU,16,115,"1,572",13.67,98.2,49t,11,81,163,387
Julio Jones,2018,ATL,16,113,"1,677",14.84,104.8,58,8,80,170,448
Adam Thielen,2018,MIN,16,113,"1,373",12.15,85.8,68,9,74,153,416
Davante Adams,2018,GB,15,111,"1,386",12.49,92.4,57,13,64,169,475
JuJu Smith-Schuster,2018,PIT,16,111,"1,426",12.85,89.1,97t,7,67,166,648
Christian McCaffrey,2018,CAR,16,107,867,8.1,54.2,38,6,41,124,855
Antonio Brown,2018,PIT,15,104,"1,297",12.47,86.5,78t,15,63,168,485
Travis Kelce,2018,KC,16,103,"1,336",12.97,83.5,43,10,68,150,569
Stefon Diggs,2018,MIN,15,102,"1,021",10.01,68.1,75t,9,49,149,448
Keenan Allen,2018,LAC,16,97,"1,196",12.33,74.8,54,6,62,136,403
Saquon Barkley,2018,NYG,16,91,721,7.92,45.1,57t,4,30,121,768
George Kittle,2018,SF,16,88,"1,377",15.65,86.1,85t,5,60,136,870
Tyreek Hill,2018,KC,16,87,"1,479",17,92.4,75t,12,60,137,527
James White,2018,NE,16,87,751,8.63,46.9,42,7,38,123,665
Mike Evans,2018,TB,16,86,"1,524",17.72,95.2,72t,8,69,138,282
Robert Woods,2018,LA,16,86,"1,219",14.17,76.2,39t,6,66,130,420
Alvin Kamara,2018,NO,15,81,709,8.75,47.3,42,4,31,105,642
Jarvis Landry,2018,CLE,16,81,976,12.05,61,51t,4,44,149,274
Brandin Cooks,2018,LA,16,80,"1,204",15.05,75.2,57,5,56,117,346
Odell Beckham Jr.,2018,NYG,12,77,"1,052",13.66,87.7,51,6,51,124,305
Ezekiel Elliott,2018,DAL,15,77,567,7.36,37.8,38t,3,22,95,576
Tyler Boyd,2018,CIN,14,76,"1,028",13.53,73.4,49,7,54,108,418
T.Y. Hilton,2018,IND,14,76,"1,270",16.71,90.7,68t,6,55,120,455
Adam Humphries,2018,TB,16,76,816,10.74,51,51,5,48,105,423
Amari Cooper,2018,OAK/DAL,15,75,"1,005",13.4,67,90t,7,53,107,415
Julian Edelman,2018,NE,12,74,850,11.49,70.8,36,6,41,108,348
Golden Tate,2018,DET/PHI,15,74,795,10.74,53,67,4,33,113,427
Tarik Cohen,2018,CHI,16,71,725,10.21,45.3,70t,5,29,91,520
Austin Hooper,2018,ATL,16,71,660,9.3,41.2,36,4,30,88,237
Emmanuel Sanders,2018,DEN,12,71,868,12.23,72.3,64t,4,36,98,297
Kenny Golladay,2018,DET,15,70,"1,063",15.19,70.9,60,5,56,119,350
Larry Fitzgerald,2018,ARI,16,69,734,10.64,45.9,37,6,39,112,205
Jared Cook,2018,OAK,16,68,896,13.18,56,45,6,46,101,343
Jalen Richard,2018,OAK,16,68,607,8.93,37.9,32,0,23,81,495
Taylor Gabriel,2018,CHI,16,67,688,10.27,43,54,2,31,93,226
Eric Ebron,2018,IND,16,66,750,11.36,46.9,53t,13,39,110,250
Mohamed Sanu,2018,ATL,16,66,838,12.7,52.4,44t,4,41,94,401
Sterling Shepard,2018,NYG,16,66,872,13.21,54.5,58,4,47,107,309
Dede Westbrook,2018,JAX,16,66,717,10.86,44.8,61t,5,39,101,362
Cole Beasley,2018,DAL,16,65,672,10.34,42,32t,3,39,87,213
Corey Davis,2018,TEN,16,65,891,13.71,55.7,51,4,47,112,267
Alshon Jeffery,2018,PHI,13,65,843,12.97,64.8,52,6,48,92,272
Nelson Agholor,2018,PHI,16,64,736,11.5,46,83t,4,28,97,350
Calvin Ridley,2018,ATL,16,64,821,12.83,51.3,75t,10,39,92,364
Kyle Rudolph,2018,MIN,16,64,634,9.91,39.6,44t,4,32,82,245
Nyheim Hines,2018,IND,16,63,425,6.75,26.6,28,2,29,81,349
Jordy Nelson,2018,OAK,15,63,739,11.73,49.3,66,3,36,88,241
Willie Snead,2018,BAL,16,62,651,10.5,40.7,28,1,37,95,282
Theo Riddick,2018,DET,14,61,384,6.3,27.4,20,0,16,74,406
Danny Amendola,2018,MIA,15,59,575,9.75,38.3,39,1,27,79,229
Chris Godwin,2018,TB,16,59,842,14.27,52.6,48,7,48,95,245
Todd Gurley,2018,LA,14,59,580,9.83,41.4,56,4,26,81,587
Dion Lewis,2018,TEN,16,59,400,6.78,25,37,1,13,67,477
Demaryius Thomas,2018,DEN/HOU,15,59,677,11.47,45.1,45,5,37,89,277
Tyler Lockett,2018,SEA,16,57,965,16.93,60.3,52t,10,37,70,213
Zay Jones,2018,BUF,16,56,652,11.64,40.8,57,7,33,102,142
David Njoku,2018,CLE,16,56,639,11.41,39.9,66,4,27,88,306
James Conner,2018,PIT,13,55,497,9.04,38.2,29,1,20,71,548
Jimmy Graham,2018,GB,16,55,636,11.56,39.8,54,2,32,89,261
D.J. Moore,2018,CAR,16,55,788,14.33,49.2,82,2,33,82,421
Allen Robinson,2018,CHI,13,55,754,13.71,58,43,4,36,94,216
T.J. Yeldon,2018,JAX,14,55,487,8.85,34.8,37,4,20,78,450
Trey Burton,2018,CHI,16,54,569,10.54,35.6,47,6,29,76,190
Michael Crabtree,2018,BAL,16,54,607,11.24,37.9,27,3,35,100,129
Jordan Reed,2018,WAS,13,54,558,10.33,42.9,34,2,26,84,231
Kenyan Drake,2018,MIA,16,53,477,9,29.8,52t,5,23,73,423
Chester Rogers,2018,IND,16,53,485,9.15,30.3,34,2,28,72,258
Robby Anderson,2018,NYJ,14,50,752,15.04,53.7,76t,6,30,94,185
Doug Baldwin,2018,SEA,13,50,618,12.36,47.5,42,5,32,73,156
Melvin Gordon,2018,LAC,12,50,490,9.8,40.8,66t,4,21,66,537
David Johnson,2018,ARI,16,50,446,8.92,27.9,40,3,22,76,385
Vance McDonald,2018,PIT,15,50,610,12.2,40.7,75t,4,33,72,387
Donte Moncrief,2018,JAX,16,48,668,13.92,41.8,80t,3,29,89,252
Rob Gronkowski,2018,NE,13,47,682,14.51,52.5,42,3,34,72,182
Duke Johnson,2018,CLE,16,47,429,9.13,26.8,32,3,25,62,370
A.J. Green,2018,CIN,9,46,694,15.09,77.1,38t,6,37,77,163
Evan Engram,2018,NYG,11,45,577,12.82,52.5,54,3,22,64,388
Seth Roberts,2018,OAK,15,45,494,10.98,32.9,44,2,24,64,211
Josh Doctson,2018,WAS,15,44,532,12.09,35.5,32,2,31,78,132
Devin Funchess,2018,CAR,14,44,549,12.48,39.2,27,4,35,79,76
Antonio Callaway,2018,CLE,16,43,586,13.63,36.6,71,5,27,79,236
Christian Kirk,2018,ARI,12,43,590,13.72,49.2,75t,3,21,68,225
Joe Mixon,2018,CIN,14,43,296,6.88,21.1,21,1,14,55,333
C.J. Uzomah,2018,CIN,16,43,439,10.21,27.4,29,3,21,64,202
Mike Williams,2018,LAC,16,43,664,15.44,41.5,55t,10,36,66,118
Jarius Wright,2018,CAR,16,43,447,10.4,27.9,33,1,25,59,198
Kendrick Bourne,2018,SF,16,42,487,11.6,30.4,33,4,30,67,147
John Brown,2018,BAL,16,42,715,17.02,44.7,71,5,28,97,156
Courtland Sutton,2018,DEN,16,42,704,16.76,44,42,4,31,84,163
Josh Gordon,2018,CLE/NE,12,41,737,17.98,61.4,55t,4,30,71,264
DeSean Jackson,2018,TB,12,41,774,18.88,64.5,75t,4,31,74,181
Chris Thompson,2018,WAS,10,41,268,6.54,26.8,23,1,12,55,219
Tyrell Williams,2018,LAC,16,41,653,15.93,40.8,75t,5,30,65,195
Dalvin Cook,2018,MIN,11,40,305,7.63,27.7,27,2,15,49,373
Cooper Kupp,2018,LA,8,40,566,14.15,70.8,70t,6,25,55,303
Sammy Watkins,2018,KC,10,40,519,12.98,51.9,50,3,24,55,238
Austin Ekeler,2018,LAC,14,39,404,10.36,28.9,44t,3,18,53,411
Chris Herndon IV,2018,NYJ,16,39,502,12.87,31.4,32t,4,25,56,177
Rashard Higgins,2018,CLE,13,39,572,14.67,44,40,4,27,53,152
Curtis Samuel,2018,CAR,13,39,494,12.67,38,53t,5,24,65,111
Devontae Booker,2018,DEN,16,38,275,7.24,17.2,30,0,9,51,242
Randall Cobb,2018,GB,9,38,383,10.08,42.6,75t,2,18,61,233
Keelan Cole,2018,JAX,16,38,491,12.92,30.7,35,1,25,70,136
Quincy Enunwa,2018,NYJ,11,38,449,11.82,40.8,42,1,22,68,272
Jacquizz Rodgers,2018,TB,16,38,304,8,19,24,0,13,45,240
Marquez Valdes-Scantling,2018,GB,16,38,581,15.29,36.3,60,2,23,73,209
Jermaine Kearse,2018,NYJ,14,37,371,10.03,26.5,29,1,20,76,125
Kenny Stills,2018,MIA,15,37,553,14.95,36.9,75t,6,27,64,131
Taywan Taylor,2018,TEN,13,37,466,12.59,35.9,55,1,19,56,161
Ryan Switzer,2018,PIT,16,36,253,7.03,15.8,24,1,15,44,137
Ian Thomas,2018,CAR,16,36,333,9.25,20.8,31,2,20,49,158
Javorius Allen,2018,BAL,14,35,196,5.6,14,17,2,11,43,177
Giovani Bernard,2018,CIN,12,35,218,6.23,18.2,26,0,8,48,222
Ryan Grant,2018,IND,14,35,334,9.54,23.9,23,1,18,52,93
Chris Hogan,2018,NE,16,35,532,15.2,33.2,63t,3,22,55,193
Marvin Jones,2018,DET,9,35,508,14.51,56.4,39t,5,27,62,101
Phillip Lindsay,2018,DEN,15,35,241,6.89,16.1,29t,1,12,47,298
Laquon Treadwell,2018,MIN,15,35,302,8.63,20.1,22,1,16,53,120
Benjamin Watson,2018,NO,16,35,400,11.43,25,32,2,21,46,87
Mark Andrews,2018,BAL,16,34,552,16.24,34.5,74,3,28,50,193
Mike Davis,2018,SEA,15,34,214,6.29,14.3,18,1,10,42,235
O.J. Howard,2018,TB,10,34,565,16.62,56.5,75t,5,28,48,209
LeSean McCoy,2018,BUF,14,34,238,7,17,24,0,10,46,288
Ricky Seals-Jones,2018,ARI,15,34,343,10.09,22.9,40,1,14,69,97
Gerald Everett,2018,LA,16,33,320,9.7,20,40t,3,17,50,144
Michael Gallup,2018,DAL,16,33,507,15.36,31.7,49t,2,21,68,173
Dallas Goedert,2018,PHI,16,33,334,10.12,20.9,32t,4,15,44,161
Anthony Miller,2018,CHI,15,33,423,12.82,28.2,55,7,19,54,170
Tevin Coleman,2018,ATL,16,32,276,8.63,17.2,39t,5,15,44,275
Chris Conley,2018,KC,16,32,334,10.44,20.9,27,5,18,52,140
Phillip Dorsett,2018,NE,16,32,290,9.06,18.1,20,3,17,42,100
Will Fuller,2018,HOU,7,32,503,15.72,71.9,73t,4,23,45,166
Kerryon Johnson,2018,DET,10,32,213,6.66,21.3,24,1,11,39,267
Bruce Ellington,2018,HOU/DET,7,31,224,7.23,32,23,1,14,42,108
Jeff Heuerman,2018,DEN,11,31,281,9.06,25.6,36,2,14,48,150
Cameron Brate,2018,TB,16,30,289,9.63,18.1,21,6,18,49,51
DaeSean Hamilton,2018,DEN,14,30,243,8.1,17.4,24,2,16,46,62
Jesse James,2018,PIT,16,30,423,14.1,26.4,51,2,17,39,185
Kyle Juszczyk,2018,SF,16,30,324,10.8,20.2,56,1,15,41,175
Jamison Crowder,2018,WAS,9,29,388,13.38,43.1,79t,2,15,49,211
Josh Reynolds,2018,LA,16,29,402,13.86,25.1,33,5,23,53,129
Nick Vannett,2018,SEA,15,29,269,9.28,17.9,32,3,17,43,138
Keke Coutee,2018,HOU,6,28,287,10.25,47.8,40,1,13,41,210
Antonio Gates,2018,LAC,16,28,333,11.89,20.8,27,2,19,45,126
Maurice Harris,2018,WAS,12,28,304,10.86,25.3,42,0,12,47,100
Dontrelle Inman,2018,IND,9,28,304,10.86,33.8,29,3,16,39,58
Wendell Smallwood,2018,PHI,16,28,230,8.21,14.4,36t,2,9,35,226
Tre'Quan Smith,2018,NO,15,28,427,15.25,28.5,62t,5,23,44,116
Matt Breida,2018,SF,14,27,261,9.67,18.6,26,2,12,31,235
Robert Foster,2018,BUF,13,27,541,20.04,41.6,75t,3,20,44,167
Blake Jarwin,2018,DAL,16,27,307,11.37,19.2,39t,3,16,36,110
Greg Olsen,2018,CAR,9,27,291,10.78,32.3,23,4,18,38,84
Zach Pascal,2018,IND,16,27,268,9.93,16.8,28,2,15,46,81
Dante Pettis,2018,SF,12,27,467,17.3,38.9,75t,5,19,45,205
Ito Smith,2018,ATL,14,27,152,5.63,10.9,20,0,9,32,160
Jamaal Williams,2018,GB,16,27,210,7.78,13.1,26,0,11,41,229
Jack Doyle,2018,IND,6,26,245,9.42,40.8,20,2,14,33,108
Kareem Hunt,2018,KC,11,26,378,14.54,34.4,67t,7,17,35,338
Aaron Jones,2018,GB,12,26,206,7.92,17.2,24t,1,12,35,221
David Moore,2018,SEA,16,26,445,17.12,27.8,54,5,19,53,93
Jaylen Samuels,2018,PIT,14,26,199,7.65,14.2,23,3,10,29,215
Tajae Sharpe,2018,TEN,16,26,316,12.15,19.8,28,2,22,47,74
Geoff Swaim,2018,DAL,9,26,242,9.31,26.9,43,1,11,32,164
Trent Taylor,2018,SF,14,26,215,8.27,15.4,23,1,11,40,101
Albert Wilson,2018,MIA,7,26,391,15.04,55.9,75t,4,11,35,335
Kelvin Benjamin,2018,BUF/KC,15,25,380,15.2,25.3,40,1,16,67,64
Vernon Davis,2018,WAS,14,25,367,14.68,26.2,53t,2,16,36,175
Rhett Ellison,2018,NYG,14,25,272,10.88,19.4,29,1,13,34,130
Lamar Miller,2018,HOU,14,25,163,6.52,11.6,16,1,8,35,171
Ty Montgomery,2018,GB/BAL,13,25,235,9.4,18.1,43,0,7,40,213
Pierre Garcon,2018,SF,8,24,286,11.92,35.8,25,1,14,46,98
Ryan Griffin,2018,HOU,14,24,305,12.71,21.8,47,0,15,43,150
Tyler Higbee,2018,LA,16,24,292,12.17,18.2,36,2,16,34,137
Matt LaCosse,2018,DEN,15,24,250,10.42,16.7,44,1,11,37,148
James O'Shaughnessy,2018,JAX,14,24,214,8.92,15.3,17,0,10,38,122
DeVante Parker,2018,MIA,11,24,309,12.88,28.1,46,1,14,47,94
Nick Boyle,2018,BAL,16,23,213,9.26,13.3,25,0,10,37,140
Marquise Goodwin,2018,SF,11,23,395,17.17,35.9,67t,4,19,44,126
Tim Patrick,2018,DEN,16,23,315,13.7,19.7,26,1,15,41,112
Damien Williams,2018,KC,16,23,160,6.96,10,32,2,9,24,208
DeAndre Carter,2018,PHI/HOU,14,22,216,9.82,15.4,50,0,10,25,150
Corey Clement,2018,PHI,11,22,192,8.73,17.4,23,0,10,25,264
Jason Croom,2018,BUF,15,22,259,11.77,17.3,26t,1,10,35,137
Leonard Fournette,2018,JAX,8,22,185,8.41,23.1,31,1,10,26,213
Mike Gesicki,2018,MIA,16,22,202,9.18,12.6,27,0,9,32,96
Latavius Murray,2018,MIN,16,22,141,6.41,8.8,16,0,7,26,115
Demarcus Robinson,2018,KC,16,22,288,13.09,18,89t,4,12,33,116
Charles Clay,2018,BUF,13,21,184,8.76,14.2,21,0,11,36,71
Isaiah Crowell,2018,NYJ,13,21,152,7.24,11.7,21,0,7,28,173
Jakeem Grant,2018,MIA,10,21,268,12.76,26.8,52t,2,13,34,140
Mark Ingram,2018,NO,12,21,170,8.1,14.2,28t,1,5,27,155
Cordarrelle Patterson,2018,NE,15,21,247,11.76,16.5,55t,3,11,28,162
John Ross,2018,CIN,13,21,210,10,16.1,39t,7,13,58,59
Equanimeous St. Brown,2018,GB,12,21,328,15.62,27.3,54,0,13,36,120
Levine Toilolo,2018,DET,16,21,263,12.52,16.4,39,1,16,24,110
Geronimo Allison,2018,GB,5,20,303,15.15,60.6,64t,2,11,30,106
Peyton Barber,2018,TB,16,20,92,4.6,5.8,10,1,4,29,64
Alfred Blue,2018,HOU,16,20,154,7.7,9.6,28,0,4,27,107
Chris Carson,2018,SEA,14,20,163,8.15,11.6,27,0,7,24,163
Nick Chubb,2018,CLE,16,20,149,7.45,9.3,24,2,5,29,176
Chase Edmonds,2018,ARI,16,20,103,5.15,6.4,13,0,5,23,121
Alex Erickson,2018,CIN,16,20,167,8.35,10.4,28,0,7,29,98
Jordan Howard,2018,CHI,16,20,145,7.25,9.1,18,0,7,27,127
Allen Hurns,2018,DAL,16,20,295,14.75,18.4,49,2,11,35,78
Jordan Matthews,2018,PHI,14,20,300,15,21.4,56t,2,14,28,83
Adrian Peterson,2018,WAS,16,20,208,10.4,13,52,1,9,26,201
Paul Richardson,2018,WAS,7,20,262,13.1,37.4,46t,2,12,35,46
Jonnu Smith,2018,TEN,13,20,258,12.9,19.9,61t,3,10,30,180
Jordan Thomas,2018,HOU,16,20,215,10.75,13.4,39,4,12,27,95
Spencer Ware,2018,KC,13,20,224,11.2,17.2,31,0,9,23,245
Martavis Bryant,2018,OAK,8,19,266,14,33.2,47,0,10,27,131
Anthony Firkser,2018,TEN,12,19,225,11.84,18.8,28,1,12,20,97
Virgil Green,2018,LAC,16,19,210,11.05,13.1,26,1,10,27,102
T.J. Jones,2018,DET,15,19,190,10,12.7,26,2,10,27,36
Lance Kendricks,2018,GB,16,19,170,8.95,10.6,22,1,9,25,112
Elijah McGuire,2018,NYJ,8,19,193,10.16,24.1,20t,1,10,31,159
Chris Moore,2018,BAL,16,19,196,10.32,12.2,30,1,8,25,65
Trent Sherfield,2018,ARI,13,19,210,11.05,16.1,21,1,11,28,38
Doug Martin,2018,OAK,16,18,116,6.44,7.2,23,0,6,24,94
Isaiah McKenzie,2018,BUF,7,18,179,9.94,25.6,23,0,10,30,76
Jordan Akins,2018,HOU,16,17,225,13.24,14.1,28,0,11,25,123
Trenton Cannon,2018,NYJ,16,17,144,8.47,9,35,0,4,25,118
Ted Ginn Jr.,2018,NO,5,17,209,12.29,41.8,42,2,10,30,48
Marlon Mack,2018,IND,12,17,103,6.06,8.6,29t,1,3,26,126
Aldrick Robinson,2018,MIN,14,17,231,13.59,16.5,40t,5,12,35,42
Torrey Smith,2018,CAR,11,17,190,11.18,17.3,35,2,12,31,48
Deonte Thompson,2018,DAL/BUF,13,17,161,9.47,12.4,15,0,10,30,38
Chad Williams,2018,ARI,10,17,171,10.06,17.1,22t,1,9,46,16
Kapri Bibbs,2018,WAS/GB,12,16,115,7.19,9.6,23t,1,4,23,108
Bennie Fowler,2018,NYG,10,16,199,12.44,19.9,26,1,12,27,76
Josh Hill,2018,NO,16,16,185,11.56,11.6,23,1,11,24,170
Breshad Perriman,2018,CLE,10,16,340,21.25,34,66,2,13,25,75
Terrelle Pryor,2018,NYJ/BUF,8,16,252,15.75,31.5,44,2,11,30,62
James Washington,2018,PIT,14,16,217,13.56,15.5,47,1,11,38,53
Jordan Wilkins,2018,IND,16,16,85,5.31,5.3,17,0,2,17,105
Maxx Williams,2018,BAL,13,16,143,8.94,11,25,1,7,17,97
Marcell Ateman,2018,OAK,7,15,154,10.27,22,32,1,7,31,31
Alex Collins,2018,BAL,10,15,105,7,10.5,24,1,6,21,97
Tyler Eifert,2018,CIN,4,15,179,11.93,44.8,29,1,10,19,54
Derrick Henry,2018,TEN,16,15,99,6.6,6.2,21,0,4,18,115
Justin Jackson,2018,LAC,13,15,135,9,10.4,19,0,5,19,152
Marshawn Lynch,2018,OAK,6,15,84,5.6,14,17,0,6,20,90
Darren Sproles,2018,PHI,6,15,160,10.67,26.7,37t,2,6,23,127
Luke Stocker,2018,TEN,16,15,165,11,10.3,31,2,10,21,64
Josh Bellamy,2018,CHI,16,14,117,8.36,7.3,20t,1,8,25,46
Jaron Brown,2018,SEA,16,14,166,11.86,10.4,45,5,9,19,46
Rex Burkhead,2018,NE,8,14,131,9.36,16.4,25,1,4,20,121
D.J. Chark,2018,JAX,11,14,174,12.43,15.8,38,0,6,32,45
Royce Freeman,2018,DEN,14,14,72,5.14,5.1,9,0,2,20,59
Wayne Gallman,2018,NYG,15,14,89,6.36,5.9,21,0,5,22,81
Justin Hardy,2018,ATL,16,14,133,9.5,8.3,19t,2,8,22,71
Jordan Leggett,2018,NYJ,15,14,114,8.14,7.6,16,1,6,25,49
Cody Core,2018,CIN,14,13,160,12.31,11.4,30t,1,7,28,36
Andre Holmes,2018,BUF/DEN,15,13,162,12.46,10.8,24,0,8,24,50
Hayden Hurst,2018,BAL,12,13,163,12.54,13.6,32,1,8,23,74
Chris Ivory,2018,BUF,13,13,205,15.77,15.8,55,0,7,21,204
Keith Kirkwood,2018,NO,8,13,209,16.08,26.1,42,2,10,21,49
Damion Ratley,2018,CLE,13,13,144,11.08,11.1,27,0,5,20,51
Luke Willson,2018,DET,14,13,87,6.69,6.2,13,0,5,19,58
Dan Arnold,2018,NO,10,12,150,12.5,15,25t,1,9,19,30
Travis Benjamin,2018,LAC,12,12,186,15.5,15.5,46t,1,9,24,62
James Develin,2018,NE,16,12,61,5.08,3.8,11,0,3,17,36
Ed Dickson,2018,SEA,10,12,143,11.92,14.3,42,3,7,13,78
Frank Gore,2018,MIA,14,12,124,10.33,8.9,24,1,8,16,115
Demetrius Harris,2018,KC,15,12,164,13.67,10.9,35,3,9,25,75
Brandon LaFell,2018,OAK,6,12,135,11.25,22.5,24,2,9,16,53
Eli Rogers,2018,PIT,3,12,79,6.58,26.3,17,0,5,14,40
Dalton Schultz,2018,DAL,11,12,116,9.67,10.6,17,0,6,17,66
Logan Thomas,2018,BUF,12,12,77,6.42,6.4,24,0,3,17,34
Jeffery Wilson,2018,SF,6,12,98,8.17,16.3,24,0,5,15,97
Darren Fells,2018,CLE,16,11,117,10.64,7.3,49t,3,6,12,66
C.J. Ham,2018,MIN,15,11,85,7.73,5.7,17,0,4,15,84
Darius Jennings,2018,TEN,16,11,101,9.18,6.3,36,0,2,15,37
Andy Jones,2018,DET,8,11,80,7.27,10,15,1,6,24,26
Cody Latimer,2018,NYG,6,11,190,17.27,31.7,39,1,6,16,23
Brandon Marshall,2018,SEA,7,11,136,12.36,19.4,27,1,7,23,23
Marcus Murphy,2018,BUF,11,11,26,2.36,2.4,8,0,2,19,37
Bilal Powell,2018,NYJ,7,11,110,10,15.7,28t,1,3,18,84
Brandon Powell,2018,DET,6,11,129,11.73,21.5,41,0,6,17,115
Austin Seferian-Jenkins,2018,JAX,5,11,90,8.18,18,21,1,6,19,36
LeGarrette Blount,2018,DET,16,10,67,6.7,4.2,23,0,4,15,87
Deontay Burnett,2018,NYJ,5,10,143,14.3,28.6,29,0,7,15,25
Michael Floyd,2018,WAS,13,10,100,10,7.7,20,1,5,24,29
Marvin Hall,2018,ATL,16,10,149,14.9,9.3,47t,1,5,19,57
Carlos Hyde,2018,CLE/JAX,14,10,33,3.3,2.4,9,0,0,16,59
Niles Paul,2018,JAX,6,10,98,9.8,16.3,22,0,5,13,32
Andre Roberts,2018,NYJ,16,10,79,7.9,4.9,20,1,4,18,17
Russell Shepard,2018,NYG,12,10,188,18.8,15.7,49t,2,7,19,16
Lee Smith,2018,OAK,16,10,73,7.3,4.6,30,3,5,11,55
Kalen Ballage,2018,MIA,12,9,56,6.22,4.7,31,0,2,11,76
Austin Carr,2018,NO,14,9,97,10.78,6.9,25,2,5,14,22
Corey Grant,2018,JAX,5,9,67,7.44,13.4,16,0,5,12,83
Jermaine Gresham,2018,ARI,13,9,94,10.44,7.2,26,0,6,12,75
Dontrell Hilliard,2018,CLE,11,9,105,11.67,9.6,24,0,4,10,90
Richie James,2018,SF,13,9,130,14.44,10,53,1,4,14,101
Cameron Meredith,2018,NO,6,9,114,12.67,19,46,1,4,10,38
Logan Paulsen,2018,ATL,15,9,91,10.11,6.1,19,1,6,9,58
Rashaad Penny,2018,SEA,14,9,75,8.33,5.4,24,0,3,12,73
MyCole Pruitt,2018,TEN,15,9,102,11.33,6.8,27,1,6,11,28
Trey Quinn,2018,WAS,3,9,75,8.33,25,15,1,5,10,17
Michael Roberts,2018,DET,8,9,100,11.11,12.5,29,3,5,20,23
Scott Simonson,2018,NYG,16,9,86,9.56,5.4,24,1,6,14,31
Rod Smith,2018,DAL,16,9,60,6.67,3.8,14,0,1,12,57
Tavon Austin,2018,DAL,7,8,140,17.5,20,64t,2,5,13,37
Cameron Batson,2018,TEN,11,8,82,10.25,7.5,26,0,5,11,54
Blake Bell,2018,JAX,10,8,67,8.38,6.7,16,0,3,11,38
Jake Butt,2018,DEN,3,8,85,10.63,28.3,22,0,4,13,44
Will Dissly,2018,SEA,4,8,156,19.5,39,66,2,5,14,93
Andy Janovich,2018,DEN,16,8,112,14,7,32,1,5,10,63
Jake Kumerow,2018,GB,5,8,103,12.88,20.6,49t,1,4,11,23
Taquan Mizzell,2018,CHI,9,8,78,9.75,8.7,26,1,4,10,34
Alfred Morris,2018,SF,12,8,73,9.13,6.1,16,0,5,13,67
Nick O'Leary,2018,MIA,12,8,86,10.75,7.2,19,1,6,10,65
Elijhaa Penny,2018,NYG,14,8,50,6.25,3.6,16,0,1,9,51
Anthony Sherman,2018,KC,16,8,96,12,6,36t,1,5,9,56
Erik Swoope,2018,IND,7,8,87,10.88,12.4,26,3,5,10,17
Eric Tomlinson,2018,NYJ,15,8,72,9,4.8,24,0,3,14,89
Josh Adams,2018,PHI,14,7,58,8.29,4.1,13,0,3,13,65
Mo Alie-Cox,2018,IND,9,7,133,19,14.8,34,2,6,13,50
Antony Auclair,2018,TB,16,7,48,6.86,3,12,0,1,8,8
Derek Carrier,2018,OAK,16,7,67,9.57,4.2,23,1,3,12,16
Ronald Jones II,2018,TB,9,7,33,4.71,3.7,15,0,2,9,42
T.J. Logan,2018,ARI,10,7,37,5.29,3.7,17,0,1,7,39
Sony Michel,2018,NE,13,7,50,7.14,3.9,13,0,3,11,50
J.J. Nelson,2018,ARI,14,7,64,9.14,4.6,17,0,4,19,24
Zach Zenner,2018,DET,8,7,56,8,7,30,0,3,10,59
Kamar Aiken,2018,PHI,5,6,53,8.83,10.6,18,0,2,7,11
Tommy Bohanon,2018,JAX,16,6,41,6.83,2.6,12,0,1,9,35
Brice Butler,2018,DAL/MIA,8,6,60,10,7.5,23t,1,4,10,1
Kenneth Dixon,2018,BAL,6,6,51,8.5,8.5,21,0,2,7,54
Russell Gage,2018,ATL,15,6,63,10.5,4.2,22,0,2,10,19
Rashad Greene,2018,JAX,8,6,60,10,7.5,12,0,3,8,15
Xavier Grimble,2018,PIT,16,6,86,14.33,5.4,23,0,4,8,56
David Grinnage,2018,JAX,4,6,61,10.17,15.2,24,0,2,8,18
Dwayne Harris,2018,OAK,15,6,40,6.67,2.7,13,0,1,6,47
Marcus Johnson,2018,IND,5,6,102,17,20.4,34t,1,5,8,28
Raheem Mostert,2018,SF,9,6,25,4.17,2.8,23,0,1,7,44
Durham Smythe,2018,MIA,15,6,50,8.33,3.3,21,0,2,11,7
Neal Sterling,2018,NYJ,5,6,47,7.83,9.4,12,0,2,8,29
Darren Waller,2018,OAK,4,6,75,12.5,18.8,44,0,4,6,56
Jay Ajayi,2018,PHI,4,5,20,4,5,12,0,1,6,30
C.J. Anderson,2018,CAR/LA,11,5,41,8.2,3.7,24t,1,2,9,45
Malcolm Brown,2018,LA,12,5,52,10.4,4.3,18t,1,2,7,39
Noah Brown,2018,DAL,8,5,54,10.8,6.8,22,0,2,8,20
Garrett Celek,2018,SF,15,5,90,18,6,41t,2,5,8,43
Corey Coleman,2018,NYG,8,5,71,14.2,8.9,30,0,5,8,8
Tyler Conklin,2018,MIN,16,5,77,15.4,4.8,33,0,3,7,31
Seth Devalve,2018,CLE,13,5,74,14.8,5.7,26,1,3,7,15
Devonta Freeman,2018,ATL,2,5,23,4.6,11.5,14,0,0,7,20
Zach Line,2018,NO,16,5,14,2.8,0.9,5,2,2,10,7
Rishard Matthews,2018,TEN/NYJ,8,5,24,4.8,3,7,0,1,9,5
Ray Ray McCloud,2018,BUF,10,5,36,7.2,3.6,16,0,2,6,28
David Morgan,2018,MIN,11,5,36,7.2,3.3,13,0,2,6,27
Brian Parker,2018,DEN,13,5,33,6.6,2.5,11,0,2,10,29
Joshua Perkins,2018,PHI,9,5,67,13.4,7.4,30,0,4,11,16
Eric Saubert,2018,ATL,16,5,48,9.6,3,17,0,2,9,13
Adam Shaheen,2018,CHI,6,5,48,9.6,8,23,1,3,6,13
Keith Smith,2018,OAK,16,5,23,4.6,1.4,8,0,3,7,18
Vyncint Smith,2018,HOU,7,5,91,18.2,13,35t,1,3,10,6
Jeremy Sprinkle,2018,WAS,16,5,41,8.2,2.6,15,1,3,9,21
Mark Walton,2018,CIN,14,5,41,8.2,2.9,24,0,1,8,48
Chad Beebe,2018,MIN,3,4,39,9.75,13,18,0,3,4,12
Nick Bellore,2018,DET,14,4,15,3.75,1.1,8,0,2,4,14
Jawill Davis,2018,NYG,7,4,40,10,5.7,22,0,3,8,4
Jacob Hollister,2018,NE,8,4,52,13,6.5,23,0,2,5,16
Tyler Kroft,2018,CIN,5,4,36,9,7.2,16,0,4,6,17
Byron Marshall,2018,WAS,6,4,30,7.5,5,17,0,1,6,28
Roosevelt Nix,2018,PIT,16,4,38,9.5,2.4,19,0,2,6,43
Auden Tate,2018,CIN,7,4,35,8.75,5,15,0,2,12,2
Robert Tonyan,2018,GB,16,4,77,19.25,4.8,54t,1,3,6,10
Delanie Walker,2018,TEN,1,4,52,13,52,16,0,4,7,20
Kevin White,2018,CHI,9,4,92,23,10.2,54,0,3,8,6
Jesus Wilson,2018,TB,5,4,52,13,10.4,25,0,2,5,20
Javon Wims,2018,CHI,4,4,32,8,8,16,0,2,5,2
Ameer Abdullah,2018,DET/MIN,10,3,28,9.33,2.8,12,0,1,4,28
Dwayne Allen,2018,NE,13,3,27,9,2.1,21,0,2,4,28
Cameron Artis-Payne,2018,CAR,9,3,15,5,1.7,13,0,1,4,15
Brandon Bolden,2018,MIA,16,3,13,4.33,0.8,9,1,1,3,19
Ben Braunecker,2018,CHI,15,3,42,14,2.8,20,0,2,5,4
Orson Charles,2018,CLE,13,3,23,7.67,1.8,9,0,0,5,24
A.J. Derby,2018,MIA,4,3,48,16,12,19t,1,3,5,9
Patrick DiMarco,2018,BUF,16,3,62,20.67,3.9,38,0,2,4,35
Tyler Ervin,2018,HOU,9,3,35,11.67,3.9,19,0,1,3,12
Keith Ford,2018,BUF,2,3,21,7,10.5,8,0,1,5,22
Rico Gathers,2018,DAL,15,3,45,15,3,32,0,2,7,27
Taysom Hill,2018,NO,16,3,4,1.33,0.2,5,0,0,7,5
Justin Hunter,2018,PIT,5,3,21,7,4.2,12,0,2,13,2
Matt Lengel,2018,CIN,11,3,17,5.67,1.6,9,1,2,8,7
Marcedes Lewis,2018,GB,16,3,39,13,2.4,30,0,1,4,31
Tommylee Lewis,2018,NO,7,3,60,20,8.6,28t,1,3,3,1
Ricky Ortiz,2018,ATL,12,3,11,3.67,0.9,7,0,0,4,13
Samaje Perine,2018,WAS,5,3,5,1.67,1,8,0,0,4,9
John Phillips,2018,ARI,8,3,38,12.67,4.8,24,0,1,3,8
C.J. Prosise,2018,SEA,5,3,22,7.33,4.4,8,0,0,3,17
Brian Quick,2018,WAS,6,3,18,6,3,6,0,2,3,1
Stevan Ridley,2018,PIT,10,3,18,6,1.8,10,0,1,4,12
De'Anthony Thomas,2018,KC,5,3,29,9.67,5.8,15,1,3,5,30
Jalen Tolliver,2018,ARI,3,3,37,12.33,12.3,15,0,3,6,14
Darrel Williams,2018,KC,6,3,27,9,4.5,11t,1,1,3,34
Derrick Willies,2018,CLE,5,3,61,20.33,12.2,39,0,2,5,32
Shaun Wilson,2018,TB,5,3,5,1.67,1,5,0,0,5,5
Mike Boone,2018,MIN,8,2,1,0.5,0.1,1,0,0,3,5
Leonte Carroo,2018,MIA,9,2,94,47,10.4,74t,1,2,4,36
Jamaal Charles,2018,JAX,2,2,7,3.5,3.5,5,0,0,3,5
Derrick Coleman,2018,ARI,16,2,17,8.5,1.1,12,0,1,3,7
Alan Cross,2018,TB,14,2,9,4.5,0.6,6,0,1,5,7
Ross Dwelley,2018,SF,11,2,14,7,1.3,8,0,0,2,1
Gus Edwards,2018,BAL,11,2,20,10,1.8,13,0,1,2,17
D'Onta Foreman,2018,HOU,1,2,28,14,28,20t,1,1,2,10
Jordan Franks,2018,CIN,6,2,37,18.5,6.2,32,0,1,3,14
Khadarel Hodge,2018,LA,14,2,17,8.5,1.2,14,0,1,3,0
John Kelly,2018,LA,4,2,27,13.5,6.8,18,0,1,3,27
Jeremy Kerley,2018,BUF,1,2,7,3.5,7,4,0,0,4,15
Tre Madden,2018,SEA,14,2,35,17.5,2.5,28,0,1,3,20
Chris Manhertz,2018,CAR,16,2,52,26,3.2,50t,1,1,5,45
J'Mon Moore,2018,GB,12,2,15,7.5,1.2,10,0,1,3,6
Detrez Newsome,2018,LAC,9,2,19,9.5,2.1,11,0,2,2,19
Jamize Olawale,2018,DAL,16,2,13,6.5,0.8,10,0,1,4,13
Charone Peake,2018,NYJ,13,2,25,12.5,1.9,14,0,2,3,4
Dion Sims,2018,CHI,8,2,9,4.5,1.1,9,0,0,4,9
Roc Thomas,2018,MIN,5,2,21,10.5,4.2,15,0,0,4,12
De'Lance Turner,2018,BAL,4,2,17,8.5,4.2,10,0,0,2,14
Malik Turner,2018,SEA,6,2,20,10,3.3,19,0,1,3,14
Hakeem Valles,2018,DET,3,2,11,5.5,3.7,6,0,0,3,1
Joe Webb,2018,HOU,16,2,13,6.5,0.8,7,0,0,3,6
Charcandrick West,2018,KC,3,2,37,18.5,12.3,25t,1,2,3,25
Nick Williams,2018,TEN/LA,4,2,17,8.5,4.2,11,0,1,5,5
Terrance Williams,2018,DAL,3,2,18,9,6,12,0,1,3,6
Alex Armah,2018,CAR,16,1,5,5,0.3,5,0,0,1,5
Kenjon Barner,2018,CAR,4,1,3,3,0.8,3,0,0,1,0
Victor Bolden,2018,SF,4,1,10,10,2.5,10,0,1,4,1
Tom Brady,2018,NE,16,1,6,6,0.4,6,0,0,1,6
Drew Brees,2018,NO,15,1,1,1,0.1,1,0,0,1,3
Michael Burton,2018,CHI,8,1,6,6,0.8,6,0,1,1,6
Damiere Byrd,2018,CAR,8,1,8,8,1,8,0,1,2,1
Travaris Cadet,2018,CAR,1,1,5,5,5,5,0,0,1,4
Derek Carr,2018,OAK,16,1,-9,-9,-0.6,-9,0,0,1,-9
Jehu Chesson,2018,WAS,12,1,7,7,0.6,7,0,1,2,0
Sammie Coates,2018,HOU,12,1,12,12,1,12,0,1,2,5
Kirk Cousins,2018,MIN,16,1,-1,-1,-0.1,-1,0,0,1,6
River Cracraft,2018,DEN,8,1,44,44,5.5,44,0,1,2,7
Dane Cruikshank,2018,TEN,12,1,66,66,5.5,66t,1,1,1,49
Sean Culkin,2018,LAC,13,1,24,24,1.9,24,0,1,1,0
Benny Cunningham,2018,CHI,15,1,9,9,0.6,9,0,1,2,13
Chase Daniel,2018,CHI,5,1,8,8,1.6,8,0,1,1,14
Dion Dawkins,2018,BUF,16,1,7,7,0.4,7t,1,1,1,0
Taylor Decker,2018,DET,16,1,11,11,0.7,11t,1,1,1,10
Gehrig Dieter,2018,KC,4,1,22,22,5.5,22,0,1,3,13
George Fant,2018,SEA,16,1,9,9,0.6,9,0,0,1,9
Matt Flanagan,2018,WAS,3,1,14,14,4.7,14,0,1,1,7
Nick Foles,2018,PHI,5,1,10,10,2,15,0,1,1,2
Shelton Gibson,2018,PHI,15,1,48,48,3.2,48,0,1,3,0
Mike Gillislee,2018,NO,4,1,9,9,2.2,9,0,0,1,9
Justin Hardee,2018,NO,16,1,10,10,0.6,10,0,1,1,2
Keon Hatcher,2018,OAK,3,1,8,8,2.7,8,0,0,2,8
Ryan Hewitt,2018,IND,12,1,1,1,0.1,1t,1,1,2,0
Darrius Heyward-Bey,2018,PIT,14,1,9,9,0.6,9,0,0,2,10
Brian Hill,2018,ATL,10,1,9,9,0.9,9,0,0,2,5
Jeremy Hill,2018,NE,1,1,6,6,6,6,0,0,1,5
J.J. Jones,2018,NYJ,1,1,3,3,3,3,0,0,1,1
Ryan Kelly,2018,IND,12,1,-4,-4,-0.3,-4,0,0,1,-1
Marcus Kemp,2018,KC,16,1,7,7,0.4,7,0,0,2,8
Darvin Kidsy,2018,WAS,2,1,8,8,4,8,0,1,2,2
Allen Lazard,2018,GB,1,1,7,7,7,7,0,0,1,0
Khari Lee,2018,BUF,2,1,5,5,2.5,5,0,0,1,6
Andrew Luck,2018,IND,16,1,4,4,0.2,4,0,1,2,0
Josh Malone,2018,CIN,9,1,12,12,1.3,12,0,1,5,0
Marcus Mariota,2018,TEN,14,1,21,21,1.5,21,0,1,1,11
John Mundt,2018,LA,10,1,5,5,0.5,5,0,0,1,5
Cam Phillips,2018,BUF,2,1,9,9,4.5,9,0,0,1,7
Spencer Pulley,2018,NYG,13,1,-2,-2,-0.1,-2,0,0,1,0
Richard Rodgers,2018,PHI,7,1,7,7,1,7,0,1,1,9
Ben Roethlisberger,2018,PIT,16,1,-1,-1,-0.1,-1,0,0,1,-1
Matt Ryan,2018,ATL,16,1,5,5,0.3,5t,1,1,1,4
Matt Schaub,2018,ATL,3,1,-7,-7,-2.3,-7,0,0,1,0
Sam Shields,2018,LA,16,1,12,12,0.8,12,0,1,1,6
Bradley Sowell,2018,CHI,16,1,2,2,0.1,2t,1,1,2,0
Joe Staley,2018,SF,16,1,-5,-5,-0.3,-5,0,0,1,5
Tyrone Swoopes,2018,SEA,1,1,23,23,23,23,0,1,1,15
Ryan Tannehill,2018,MIA,11,1,3,3,0.3,3t,1,1,1,1
Robert Turbin,2018,IND,2,1,3,3,1.5,3,0,0,2,3
Alejandro Villanueva,2018,PIT,16,1,2,2,0.1,2t,1,1,1,0
Dan Vitale,2018,GB,5,1,2,2,0.4,2,0,1,2,0
DeAndre Washington,2018,OAK,10,1,9,9,0.9,9,0,0,1,7
Justin Watson,2018,TB,12,1,5,5,0.4,5,0,0,3,0
Derek Watt,2018,LAC,16,1,2,2,0.1,2,0,0,1,2
Carson Wentz,2018,PHI,11,1,4,4,0.4,4,0,1,1,9
Tim White,2018,BAL,3,1,14,14,4.7,14,0,1,1,0
Jonathan Williams,2018,NO,3,1,1,1,0.3,1,0,0,1,0
Kyle Williams,2018,BUF,16,1,9,9,0.6,9,0,0,1,10
Russell Wilson,2018,SEA,16,1,-11,-11,-0.7,-11,0,0,1,-1
Brandon Zylstra,2018,MIN,16,1,23,23,1.4,23,0,1,2,8
Josh Allen,2018,BUF,12,0,0,0,0,0,0,0,1,0
Stacy Coley,2018,MIN,2,0,0,0,0,0,0,0,1,0
Pharoh Cooper,2018,LA,5,0,0,0,0,0,0,0,1,0
Mason Crosby,2018,GB,16,0,0,0,0,0,0,0,1,0
Jerome Cunningham,2018,DET,3,0,0,0,0,0,0,0,1,0
Darrell Daniels,2018,SEA/ARI,11,0,0,0,0,0,0,0,2,0
Geremy Davis,2018,LAC,14,0,0,0,0,0,0,0,1,0
Isaiah Ford,2018,MIA,1,0,0,0,0,0,0,0,1,0
Stephen Hauschka,2018,BUF,16,0,0,0,0,0,0,0,1,0
Johnny Holton,2018,OAK,1,0,0,0,0,0,0,0,1,0
Sam Hubbard,2018,CIN,16,0,0,0,0,0,0,0,1,0
Darius Jackson,2018,DAL,2,0,0,0,0,0,0,0,1,0
Lamar Jackson,2018,BAL,16,0,0,0,0,0,0,0,2,0
Taiwan Jones,2018,BUF,6,0,0,0,0,0,0,0,2,0
Chris Lacy,2018,DET,1,0,0,0,0,0,0,0,1,0
Jourdan Lewis,2018,DAL,15,0,0,0,0,0,0,0,1,0
Freddie Martino,2018,TB,4,0,0,0,0,0,0,0,1,0
Baker Mayfield,2018,CLE,14,0,0,0,0,0,0,0,1,0
Riley McCarron,2018,NE,1,0,0,0,0,0,0,0,1,0
J.D. McKissic,2018,SEA,5,0,0,0,0,0,0,0,1,0
Dak Prescott,2018,DAL,16,0,0,0,0,0,0,0,1,0
Mike Wallace,2018,PHI,2,0,0,0,0,0,0,0,3,0
Cole Wick,2018,SF,5,0,0,0,0,0,0,0,1,0
Jarvis Landry,2017,MIA,16,112,987,8.81,61.7,49,9,60,161,498
Larry Fitzgerald,2017,ARI,16,109,"1,156",10.61,72.2,37,6,66,161,408
Michael Thomas,2017,NO,16,104,"1,245",11.97,77.8,43,5,70,149,425
Keenan Allen,2017,LAC,16,102,"1,393",13.66,87.1,51,6,74,159,501
Antonio Brown,2017,PIT,14,101,"1,533",15.18,109.5,57,9,71,163,481
DeAndre Hopkins,2017,HOU,15,96,"1,378",14.35,91.9,72t,13,69,174,359
Golden Tate,2017,DET,16,92,"1,003",10.9,62.7,71t,5,44,120,613
Adam Thielen,2017,MIN,16,91,"1,276",14.02,79.8,65t,4,59,142,447
Julio Jones,2017,ATL,16,88,"1,444",16.41,90.2,53,3,67,148,486
Le'Veon Bell,2017,PIT,15,85,655,7.71,43.7,42,2,31,106,681
Travis Kelce,2017,KC,15,83,"1,038",12.51,69.2,44,8,55,122,406
Demaryius Thomas,2017,DEN,16,83,949,11.43,59.3,40,5,53,140,299
Alvin Kamara,2017,NO,16,81,826,10.2,51.6,40,5,38,100,683
Jack Doyle,2017,IND,15,80,690,8.63,46,26,4,34,108,337
Christian McCaffrey,2017,CAR,16,80,651,8.14,40.7,37,5,36,113,593
Doug Baldwin,2017,SEA,16,75,991,13.21,61.9,54,8,44,116,274
A.J. Green,2017,CIN,16,75,"1,078",14.37,67.4,77t,8,55,143,297
Tyreek Hill,2017,KC,15,75,"1,183",15.77,78.9,79t,7,41,105,455
Davante Adams,2017,GB,14,74,885,11.96,63.2,55t,10,45,117,338
Zach Ertz,2017,PHI,14,74,824,11.14,58.9,53,8,46,110,243
Duke Johnson,2017,CLE,16,74,693,9.36,43.3,41t,3,31,93,634
Delanie Walker,2017,TEN,16,74,807,10.91,50.4,42,3,43,111,248
Mike Evans,2017,TB,15,71,"1,001",14.1,66.7,42t,5,55,136,134
Dez Bryant,2017,DAL,16,69,838,12.14,52.4,50t,6,44,132,266
Rob Gronkowski,2017,NE,14,69,"1,084",15.71,77.4,53t,8,57,105,345
Mohamed Sanu,2017,ATL,15,67,703,10.49,46.9,25,5,41,96,245
Randall Cobb,2017,GB,15,66,653,9.89,43.5,46,4,29,92,412
Jamison Crowder,2017,WAS,15,66,789,11.95,52.6,41,3,37,103,370
Brandin Cooks,2017,NE,16,65,"1,082",16.65,67.6,64t,7,42,114,227
Jermaine Kearse,2017,NYJ,16,65,810,12.46,50.6,51,5,37,102,295
Stefon Diggs,2017,MIN,14,64,849,13.27,60.6,59t,8,42,95,298
Evan Engram,2017,NYG,15,64,722,11.28,48.1,35,6,37,115,306
Todd Gurley,2017,LA,15,64,788,12.31,52.5,80t,6,32,87,765
Robby Anderson,2017,NYJ,16,63,941,14.94,58.8,69t,7,36,114,273
Devin Funchess,2017,CAR,16,63,840,13.33,52.5,44,8,40,111,296
Jason Witten,2017,DAL,16,63,560,8.89,35,28t,5,26,87,105
Nelson Agholor,2017,PHI,16,62,768,12.39,48,72t,8,35,95,301
Cooper Kupp,2017,LA,15,62,869,14.02,57.9,64,5,42,94,364
Danny Amendola,2017,NE,15,61,659,10.8,43.9,27,2,40,86,210
Adam Humphries,2017,TB,16,61,631,10.34,39.4,43,1,34,83,307
Marvin Jones,2017,DET,16,61,"1,101",18.05,68.8,58,9,44,107,195
Benjamin Watson,2017,BAL,16,61,522,8.56,32.6,33t,4,30,79,263
Carlos Hyde,2017,SF,16,59,350,5.93,21.9,18,0,17,88,322
LeSean McCoy,2017,BUF,16,59,448,7.59,28,39,2,23,77,395
Sterling Shepard,2017,NYG,11,59,731,12.39,66.5,77t,2,36,84,295
Kendall Wright,2017,CHI,16,59,614,10.41,38.4,22,1,33,91,182
Michael Crabtree,2017,OAK,14,58,618,10.66,44.1,41t,8,35,101,190
Melvin Gordon,2017,LAC,16,58,476,8.21,29.8,49,4,22,83,495
Mark Ingram,2017,NO,16,58,416,7.17,26,54,0,19,71,500
JuJu Smith-Schuster,2017,PIT,14,58,917,15.81,65.5,97t,7,39,79,430
Kenny Stills,2017,MIA,16,58,847,14.6,52.9,61t,6,36,105,159
Jimmy Graham,2017,SEA,16,57,520,9.12,32.5,33,10,32,96,211
T.Y. Hilton,2017,IND,16,57,966,16.95,60.4,80t,4,38,109,304
Alshon Jeffery,2017,PHI,16,57,789,13.84,49.3,53t,9,44,120,203
DeVante Parker,2017,MIA,13,57,670,11.75,51.5,36,1,33,96,207
Kyle Rudolph,2017,MIN,16,57,532,9.33,33.2,34,8,32,81,224
Marquise Goodwin,2017,SF,16,56,962,17.18,60.1,83t,2,46,105,198
Marqise Lee,2017,JAX,14,56,702,12.54,50.1,45,3,40,96,289
James White,2017,NE,14,56,429,7.66,30.6,27,3,25,72,340
Robert Woods,2017,LA,12,56,781,13.95,65.1,94t,5,36,85,304
Jared Cook,2017,OAK,16,54,688,12.74,43,35,2,35,86,241
Eric Decker,2017,TEN,16,54,563,10.43,35.2,29,1,31,83,113
Tarik Cohen,2017,CHI,16,53,353,6.66,22.1,70,1,9,71,303
Eric Ebron,2017,DET,16,53,574,10.83,35.9,44,4,30,86,258
Ted Ginn Jr.,2017,NO,15,53,787,14.85,52.5,54t,4,32,70,302
Kareem Hunt,2017,KC,16,53,455,8.58,28.4,78t,3,18,63,411
Rishard Matthews,2017,TEN,14,53,795,15,56.8,75t,4,36,87,277
Jordy Nelson,2017,GB,15,53,482,9.09,32.1,58,6,38,88,128
Theo Riddick,2017,DET,16,53,444,8.38,27.8,63,2,20,71,435
Terrance Williams,2017,DAL,16,53,568,10.72,35.5,56,0,31,78,230
Brandon LaFell,2017,CIN,16,52,548,10.54,34.2,45,3,25,89,239
Mike Wallace,2017,BAL,15,52,748,14.38,49.9,66,4,33,92,157
Jerick McKinnon,2017,MIN,16,51,421,8.25,26.3,41,2,20,68,450
Martavis Bryant,2017,PIT,15,50,603,12.06,40.2,51,3,30,84,170
DeSean Jackson,2017,TB,14,50,668,13.36,47.7,41,3,36,90,191
Austin Seferian-Jenkins,2017,NYJ,13,50,357,7.14,27.5,28,3,18,74,124
Charles Clay,2017,BUF,13,49,558,11.39,42.9,44,2,29,74,265
Austin Hooper,2017,ATL,16,49,526,10.73,32.9,88t,3,18,65,262
Kelvin Benjamin,2017,CAR/BUF,14,48,692,14.42,49.4,43,3,30,78,139
Cameron Brate,2017,TB,16,48,591,12.31,36.9,35,6,33,77,143
Amari Cooper,2017,OAK,14,48,680,14.17,48.6,87t,7,28,96,293
Emmanuel Sanders,2017,DEN,12,47,555,11.81,46.2,38,2,30,92,167
Javorius Allen,2017,BAL,16,46,250,5.43,15.6,20,2,16,60,218
Ryan Grant,2017,WAS,16,45,573,12.73,35.8,40t,4,29,65,235
Hunter Henry,2017,LAC,14,45,579,12.87,41.4,34,4,32,62,221
Tyler Lockett,2017,SEA,16,45,555,12.33,34.7,74t,2,23,71,188
Paul Richardson,2017,SEA,16,44,703,15.98,43.9,61t,6,33,80,125
Shane Vereen,2017,NYG,16,44,253,5.75,15.8,20,0,7,53,245
Giovani Bernard,2017,CIN,16,43,389,9.05,24.3,61t,2,16,60,439
Vernon Davis,2017,WAS,16,43,648,15.07,40.5,69,3,23,69,306
Jesse James,2017,PIT,16,43,372,8.65,23.2,32,3,20,63,192
George Kittle,2017,SF,15,43,515,11.98,34.3,44,2,22,63,265
Seth Roberts,2017,OAK,15,43,455,10.58,30.3,29,1,22,65,104
Trent Taylor,2017,SF,15,43,430,10,28.7,33,2,27,60,190
Tyrell Williams,2017,LAC,16,43,728,16.93,45.5,75t,4,29,69,320
Keelan Cole,2017,JAX,16,42,748,17.81,46.8,75t,3,32,83,299
Tyler Kroft,2017,CIN,16,42,404,9.62,25.2,59,7,23,62,193
Albert Wilson,2017,KC,13,42,554,13.19,42.6,63t,3,32,62,318
Julius Thomas,2017,MIA,14,41,388,9.46,27.7,27,3,18,62,145
Pierre Garcon,2017,SF,8,40,500,12.5,62.5,59,0,25,67,190
Jeremy Maclin,2017,BAL,12,40,440,11,36.7,48t,3,23,72,108
Andre Ellington,2017,ARI/HOU,12,39,369,9.46,30.8,29,0,16,59,233
Allen Hurns,2017,JAX,10,39,484,12.41,48.4,50,2,28,56,175
DeMarco Murray,2017,TEN,15,39,266,6.82,17.7,18,1,10,47,244
Chris Thompson,2017,WAS,10,39,510,13.08,51,74,4,22,54,485
Sammy Watkins,2017,LA,15,39,593,15.21,39.5,67t,8,33,70,185
Deonte Thompson,2017,CHI/BUF,16,38,555,14.61,34.7,46,2,25,69,101
Matt Forte,2017,NYJ,12,37,293,7.92,24.4,34,1,13,45,252
Cole Beasley,2017,DAL,15,36,314,8.72,20.9,54,4,20,63,125
Leonard Fournette,2017,JAX,13,36,302,8.39,23.2,28,1,15,48,303
Devonta Freeman,2017,ATL,14,36,317,8.81,22.6,29,1,18,47,244
Roger Lewis,2017,NYG,15,36,416,11.56,27.7,34,2,20,72,76
Lamar Miller,2017,HOU,16,36,327,9.08,20.4,32,3,17,45,295
Torrey Smith,2017,PHI,16,36,430,11.94,26.9,59t,2,11,68,131
Josh Doctson,2017,WAS,16,35,502,14.34,31.4,52t,6,25,78,131
Charles Sims,2017,TB,16,35,249,7.11,15.6,25,1,12,47,206
Travis Benjamin,2017,LAC,16,34,567,16.68,35.4,62t,4,20,65,210
Corey Davis,2017,TEN,11,34,375,11.03,34.1,37,0,17,65,101
Wayne Gallman,2017,NYG,13,34,193,5.68,14.8,11,1,8,48,201
Chris Godwin,2017,TB,16,34,525,15.44,32.8,70,1,27,55,169
Chris Hogan,2017,NE,9,34,439,12.91,48.8,47t,5,22,59,171
J.D. McKissic,2017,SEA,13,34,266,7.82,20.5,27t,2,12,46,186
DeAndre Washington,2017,OAK,15,34,197,5.79,13.1,15,1,14,45,165
Seth Devalve,2017,CLE,16,33,395,11.97,24.7,49,1,18,58,171
Taylor Gabriel,2017,ATL,16,33,378,11.45,23.6,40t,1,17,51,217
Jermaine Gresham,2017,ARI,14,33,322,9.76,23,21,2,17,46,136
Kyle Juszczyk,2017,SF,14,33,315,9.55,22.5,44,1,13,42,207
Danny Woodhead,2017,BAL,8,33,200,6.06,25,22,0,9,39,118
Kenyan Drake,2017,MIA,16,32,239,7.47,14.9,47,1,7,48,214
Dion Lewis,2017,NE,16,32,214,6.69,13.4,20,3,11,35,224
David Njoku,2017,CLE,16,32,386,12.06,24.1,34,4,17,60,151
Jaron Brown,2017,ARI,16,31,477,15.39,29.8,52t,4,23,69,91
Cordarrelle Patterson,2017,OAK,16,31,309,9.97,19.3,59,0,13,42,184
Martellus Bennett,2017,GB/NE,9,30,286,9.53,31.8,33,0,11,44,168
Devontae Booker,2017,DEN,13,30,275,9.17,21.1,29,0,13,38,231
Rex Burkhead,2017,NE,10,30,254,8.47,25.4,23,3,13,36,184
Ed Dickson,2017,CAR,16,30,437,14.57,27.3,64,1,22,48,201
Antonio Gates,2017,LAC,16,30,316,10.53,19.8,27,3,16,52,66
T.J. Jones,2017,DET,14,30,399,13.3,28.5,34,1,22,49,77
Joe Mixon,2017,CIN,14,30,287,9.57,20.5,67,0,9,34,313
T.J. Yeldon,2017,JAX,10,30,224,7.47,22.4,20,0,14,41,188
Bruce Ellington,2017,HOU,11,29,330,11.38,30,35,2,14,57,136
Bennie Fowler,2017,DEN,16,29,350,12.07,21.9,29,3,18,56,107
Frank Gore,2017,IND,16,29,245,8.45,15.3,26,1,9,38,275
J.J. Nelson,2017,ARI,16,29,508,17.52,31.8,46,2,21,61,59
C.J. Anderson,2017,DEN,16,28,224,8,14,25,1,7,40,215
Nick Boyle,2017,BAL,15,28,203,7.25,13.5,16,0,11,37,153
Isaiah Crowell,2017,CLE,16,28,182,6.5,11.4,38,0,9,42,210
Will Fuller,2017,HOU,10,28,423,15.11,42.3,59t,7,21,50,99
Kenny Golladay,2017,DET,11,28,477,17.04,43.4,54t,3,18,48,181
Tevin Coleman,2017,ATL,15,27,299,11.07,19.9,39,3,13,39,218
Austin Ekeler,2017,LAC,16,27,279,10.33,17.4,38,3,12,35,246
Rashard Higgins,2017,CLE,15,27,312,11.56,20.8,56t,2,13,50,142
Zay Jones,2017,BUF,15,27,316,11.7,21.1,33,2,19,74,63
Ricardo Louis,2017,CLE,16,27,357,13.22,22.3,37,0,18,61,82
Jordan Reed,2017,WAS,6,27,211,7.81,35.2,20,2,10,35,72
Jalen Richard,2017,OAK,16,27,256,9.48,16,39,1,13,36,227
Dede Westbrook,2017,JAX,7,27,339,12.56,48.4,29,1,15,51,99
Charcandrick West,2017,KC,13,27,150,5.56,11.5,25,2,6,34,128
Ezekiel Elliott,2017,DAL,10,26,269,10.35,26.9,72t,2,6,38,281
O.J. Howard,2017,TB,14,26,432,16.62,30.9,58t,6,19,39,152
Donte Moncrief,2017,IND,12,26,391,15.04,32.6,60t,2,22,47,79
Ameer Abdullah,2017,DET,14,25,162,6.48,11.6,22,1,13,35,146
Stephen Anderson,2017,HOU,15,25,342,13.68,22.8,42,1,17,52,132
Odell Beckham Jr.,2017,NYG,4,25,302,12.08,75.5,48t,3,15,41,65
Tyler Higbee,2017,LA,16,25,295,11.8,18.4,38,1,12,45,77
Dontrelle Inman,2017,LAC/CHI,12,25,343,13.72,28.6,26,1,19,44,31
Jordan Matthews,2017,BUF,10,25,282,11.28,28.2,47,1,14,36,124
Jamaal Williams,2017,GB,16,25,262,10.48,16.4,54t,2,12,34,256
Jay Ajayi,2017,MIA/PHI,14,24,158,6.58,11.3,32,1,8,34,176
Josh Bellamy,2017,CHI,15,24,376,15.67,25.1,46t,1,17,46,116
Rhett Ellison,2017,NYG,16,24,235,9.79,14.7,27,2,13,32,131
Marcedes Lewis,2017,JAX,16,24,318,13.25,19.9,37,5,18,48,163
Geronimo Allison,2017,GB,15,23,253,11,16.9,72,0,10,39,119
Trey Burton,2017,PHI,15,23,248,10.78,16.5,27t,5,14,31,35
Jamaal Charles,2017,DEN,14,23,129,5.61,9.2,20,0,6,28,159
Brandon Coleman,2017,NO,16,23,364,15.83,22.8,54,3,14,37,143
Corey Coleman,2017,CLE,9,23,305,13.26,33.9,44,2,17,58,58
Alex Collins,2017,BAL,15,23,187,8.13,12.5,37,0,8,36,190
Jordan Howard,2017,CHI,16,23,125,5.43,7.8,12,0,4,32,157
Ty Montgomery,2017,GB,8,23,173,7.52,21.6,23,1,8,31,215
Bilal Powell,2017,NYJ,15,23,170,7.39,11.3,31,0,8,33,143
Chester Rogers,2017,IND,11,23,284,12.35,25.8,61t,1,15,37,104
Tyler Boyd,2017,CIN,10,22,225,10.23,22.5,49t,2,14,32,91
Coby Fleener,2017,NO,11,22,295,13.41,26.8,33,2,13,30,111
Jeremy Kerley,2017,NYJ,8,22,217,9.86,27.1,31t,1,13,27,57
Nick O'Leary,2017,BUF,15,22,322,14.64,21.5,32,2,14,32,120
Samaje Perine,2017,WAS,16,22,182,8.27,11.4,25,1,9,24,206
Matt Breida,2017,SF,16,21,180,8.57,11.2,32,1,9,36,160
John Brown,2017,ARI,10,21,299,14.24,29.9,52,3,15,55,59
Garrett Celek,2017,SF,16,21,336,16,21,61,4,15,33,172
A.J. Derby,2017,DEN/MIA,11,21,244,11.62,22.2,29,2,11,40,92
Chris Ivory,2017,JAX,14,21,175,8.33,12.5,29,1,8,28,185
Marlon Mack,2017,IND,14,21,225,10.71,16.1,34,1,10,33,283
Demarcus Robinson,2017,KC,16,21,212,10.1,13.2,33,0,13,39,47
Kenny Britt,2017,CLE/NE,12,20,256,12.8,21.3,38,2,10,43,88
Benny Cunningham,2017,CHI,14,20,240,12,17.1,40,2,9,26,243
Justin Hardy,2017,ATL,16,20,221,11.05,13.8,27,3,13,29,76
Marshawn Lynch,2017,OAK,15,20,151,7.55,10.1,25,0,6,31,164
Zach Miller,2017,CHI,8,20,236,11.8,29.5,29,2,10,35,72
Terrelle Pryor,2017,WAS,9,20,240,12,26.7,44t,1,15,37,58
Laquon Treadwell,2017,MIN,16,20,200,10,12.5,25,0,12,35,58
Damien Williams,2017,MIA,11,20,155,7.75,14.1,24,1,10,28,153
Michael Campanaro,2017,BAL,13,19,173,9.11,13.3,18,1,11,27,81
Orleans Darkwa,2017,NYG,15,19,116,6.11,7.7,13,0,7,28,118
Cody Latimer,2017,DEN,11,19,287,15.11,26.1,32,2,15,31,64
Braxton Miller,2017,HOU,11,19,162,8.53,14.7,57,1,7,29,61
Aldrick Robinson,2017,SF,16,19,260,13.68,16.2,45t,2,12,48,45
Rod Smith,2017,DAL,15,19,202,10.63,13.5,81t,1,9,23,176
Josh Gordon,2017,CLE,5,18,335,18.61,67,54,1,12,42,123
Demetrius Harris,2017,KC,16,18,224,12.44,14,51,1,11,35,129
Lance Kendricks,2017,GB,16,18,203,11.28,12.7,51,1,8,35,89
Tavarres King,2017,NYG,8,18,240,13.33,30,57t,3,11,37,78
Brandon Marshall,2017,NYG,5,18,154,8.56,30.8,18,0,11,33,39
Chris Moore,2017,BAL,13,18,248,13.78,19.1,30t,3,11,38,41
Eli Rogers,2017,PIT,14,18,149,8.28,10.6,18t,1,9,36,81
Jonnu Smith,2017,TEN,16,18,157,8.72,9.8,32t,2,5,30,96
Jarius Wright,2017,MIN,16,18,198,11,12.4,30,2,13,25,86
Darren Fells,2017,DET,16,17,177,10.41,11.1,23,3,12,26,122
D.J. Foster,2017,ARI,7,17,133,7.82,19,20,0,8,28,79
Elijah McGuire,2017,NYJ,16,17,177,10.41,11.1,38,1,9,26,142
Greg Olsen,2017,CAR,7,17,191,11.24,27.3,30t,1,13,38,48
Russell Shepard,2017,CAR,15,17,202,11.88,13.5,40t,1,10,32,106
Peyton Barber,2017,TB,16,16,114,7.13,7.1,34,0,4,19,113
Kendrick Bourne,2017,SF,11,16,257,16.06,23.4,54,0,12,34,114
Travaris Cadet,2017,NYJ/BUF,9,16,119,7.44,13.2,16,0,3,19,86
Gerald Everett,2017,LA,16,16,244,15.25,15.2,69,2,7,32,108
Josh Hill,2017,NO,16,16,125,7.81,7.8,22,1,4,22,88
Mack Hollins,2017,PHI,16,16,226,14.13,14.1,64t,1,8,22,43
Taywan Taylor,2017,TEN,16,16,231,14.44,14.4,53t,1,9,28,54
Kamar Aiken,2017,IND,15,15,133,8.87,8.9,21,0,7,44,47
Brice Butler,2017,DAL,13,15,317,21.13,24.4,53,3,10,23,36
Mike Davis,2017,SEA,6,15,131,8.73,21.8,23,0,6,18,168
Latavius Murray,2017,MIN,16,15,103,6.87,6.4,28,0,3,17,125
Curtis Samuel,2017,CAR,9,15,115,7.67,12.8,23,0,6,26,41
Dion Sims,2017,CHI,14,15,180,12,12.9,27t,1,9,29,67
Maxx Williams,2017,BAL,11,15,86,5.73,7.8,17,1,6,18,100
Luke Willson,2017,SEA,16,15,153,10.2,9.6,27t,4,8,22,90
Kapri Bibbs,2017,WAS,3,14,128,9.14,42.7,36t,1,4,17,128
C.J. Fiedorowicz,2017,HOU,5,14,127,9.07,25.4,15,0,7,22,37
Virgil Green,2017,DEN,16,14,191,13.64,11.9,44,1,7,22,92
Vance McDonald,2017,PIT,10,14,188,13.43,18.8,28,1,10,24,88
James O'Shaughnessy,2017,JAX,16,14,149,10.64,9.3,29,1,9,24,91
De'Anthony Thomas,2017,KC,16,14,143,10.21,8.9,57t,2,4,16,73
Mike Tolbert,2017,BUF,12,14,78,5.57,6.5,12,0,2,17,48
Tavon Austin,2017,LA,16,13,47,3.62,2.9,13,0,2,22,73
Daniel Brown,2017,CHI,14,13,129,9.92,9.2,17,0,9,20,46
Brent Celek,2017,PHI,16,13,130,10,8.1,28,1,7,24,85
Jakeem Grant,2017,MIA,16,13,203,15.62,12.7,65t,2,9,22,144
Ryan Griffin,2017,HOU,7,13,158,12.15,22.6,35,1,8,26,77
Andre Holmes,2017,BUF,14,13,120,9.23,8.6,36,3,10,23,11
Niles Paul,2017,WAS,14,13,94,7.23,6.7,32,0,4,19,31
Wendell Smallwood,2017,PHI,8,13,103,7.92,12.9,24,0,6,18,87
Jordan Taylor,2017,DEN,10,13,142,10.92,14.2,30,0,5,20,45
Brandon Williams,2017,IND,14,13,121,9.31,8.6,32,0,4,17,78
Phillip Dorsett,2017,NE,15,12,194,16.17,12.9,39,0,8,18,68
Alex Erickson,2017,CIN,16,12,180,15,11.2,37,1,9,16,39
Anthony Fasano,2017,MIA,16,12,107,8.92,6.7,29,1,5,16,37
Richard Rodgers,2017,GB,15,12,160,13.33,10.7,36,1,6,19,89
Ricky Seals-Jones,2017,ARI,10,12,201,16.75,20.1,29t,3,10,28,74
Adam Shaheen,2017,CHI,13,12,127,10.58,9.8,31,3,8,14,49
Levine Toilolo,2017,ATL,15,12,122,10.17,8.1,25t,1,5,14,63
Nick Vannett,2017,SEA,15,12,124,10.33,8.3,21,1,6,15,45
Chris Conley,2017,KC,5,11,175,15.91,35,35,0,8,16,45
Dalvin Cook,2017,MIN,4,11,90,8.18,22.5,36,0,3,16,104
Pharoh Cooper,2017,LA,16,11,84,7.64,5.2,26,0,3,19,54
Derrick Henry,2017,TEN,16,11,136,12.36,8.5,66t,1,4,17,125
Troy Niklas,2017,ARI,15,11,132,12,8.8,21,1,6,23,56
Adrian Peterson,2017,NO/ARI,10,11,70,6.36,7,13,0,3,19,55
Josh Reynolds,2017,LA,16,11,104,9.45,6.5,28,1,7,24,34
Mike Williams,2017,LAC,10,11,95,8.64,9.5,20,0,7,23,11
Dwayne Allen,2017,NE,16,10,86,8.6,5.4,22,1,5,22,64
Damiere Byrd,2017,CAR,8,10,105,10.5,13.1,31,2,5,17,61
Corey Clement,2017,PHI,16,10,123,12.3,7.7,28,2,6,15,128
Michael Floyd,2017,MIN,11,10,78,7.8,7.1,19,0,3,17,34
Tommylee Lewis,2017,NO,15,10,116,11.6,7.7,52,1,4,15,52
David Morgan,2017,MIN,15,10,95,9.5,6.3,23,1,5,12,57
Breshad Perriman,2017,BAL,11,10,77,7.7,7,14,0,3,35,5
C.J. Uzomah,2017,CIN,14,10,92,9.2,6.6,21,1,6,15,50
Kerwynn Williams,2017,ARI,16,10,93,9.3,5.8,25,0,6,15,46
Malcolm Brown,2017,LA,11,9,53,5.89,4.8,16,0,3,11,59
Chad Hansen,2017,NYJ,15,9,94,10.44,6.3,24,0,6,17,22
Jeff Heuerman,2017,DEN,14,9,142,15.78,10.1,54t,2,5,18,63
Johnny Holton,2017,OAK,16,9,218,24.22,13.6,64t,3,5,18,40
Aaron Jones,2017,GB,12,9,22,2.44,1.8,9,0,2,18,30
Doug Martin,2017,TB,11,9,84,9.33,7.6,17,0,6,18,60
Thomas Rawls,2017,SEA,12,9,94,10.44,7.8,22,0,4,13,79
Jacquizz Rodgers,2017,TB,16,9,74,8.22,4.6,15,0,4,11,85
Robert Turbin,2017,IND,6,9,56,6.22,9.3,16,0,3,11,69
Clive Walford,2017,OAK,13,9,80,8.89,6.2,26,0,2,13,22
Kasen Williams,2017,CLE,7,9,84,9.33,12,14,0,2,18,21
Jerell Adams,2017,NYG,16,8,92,11.5,5.8,38,0,5,11,28
Brenton Bersin,2017,CAR,8,8,128,16,16,27,0,6,14,16
LeGarrette Blount,2017,PHI,16,8,50,6.25,3.1,20,1,3,8,47
Derek Carrier,2017,LA,14,8,71,8.88,5.1,17,0,4,11,50
Amara Darboh,2017,SEA,16,8,71,8.88,4.4,16,0,2,13,16
Tyler Ervin,2017,HOU,4,8,38,4.75,9.5,7,0,1,11,12
Tre McBride,2017,CHI,8,8,144,18,18,45,0,6,15,50
Louis Murphy,2017,SF,7,8,121,15.13,17.3,40,1,6,17,39
Paul Perkins,2017,NYG,11,8,46,5.75,4.2,11,0,1,10,59
Travis Rudolph,2017,NYG,7,8,101,12.63,14.4,29,0,4,21,43
Lee Smith,2017,OAK,16,8,76,9.5,4.8,21,0,4,11,32
Willie Snead,2017,NO,11,8,92,11.5,8.4,26,0,4,16,32
Jonathan Stewart,2017,CAR,15,8,52,6.5,3.5,21,1,2,15,69
Eric Tomlinson,2017,NYJ,14,8,121,15.13,8.6,34,1,4,11,68
Austin Traylor,2017,DEN,7,8,100,12.5,14.3,34,0,6,13,42
Alfred Blue,2017,HOU,11,7,54,7.71,4.9,14,0,4,9,42
Leonte Carroo,2017,MIA,14,7,69,9.86,4.9,21,0,4,14,11
Chris Carson,2017,SEA,4,7,59,8.43,14.8,10t,1,3,8,46
Patrick DiMarco,2017,BUF,16,7,28,4,1.8,9,0,0,10,10
C.J. Ham,2017,MIN,16,7,68,9.71,4.2,12,0,3,8,84
Alfred Morris,2017,DAL,14,7,45,6.43,3.2,13,0,1,9,44
Aaron Ripkowski,2017,GB,16,7,39,5.57,2.4,12,0,1,10,22
Darren Sproles,2017,PHI,3,7,73,10.43,24.3,16,0,3,12,83
Logan Thomas,2017,BUF,12,7,67,9.57,5.6,22t,1,2,9,11
Ross Travis,2017,KC/IND,15,7,76,10.86,5.1,20,0,5,17,34
Tommy Bohanon,2017,JAX,16,6,43,7.17,2.7,14,1,3,11,28
Kaelin Clay,2017,BUF/CAR,13,6,85,14.17,6.5,28,0,5,20,20
Sammie Coates,2017,CLE,12,6,70,11.67,5.8,38,0,2,11,16
James Develin,2017,NE,16,6,38,6.33,2.4,10,0,3,10,26
D'Onta Foreman,2017,HOU,10,6,83,13.83,8.3,34,0,4,8,66
Michael Hoomanawanui,2017,NO,14,6,52,8.67,3.7,25,1,2,10,27
David Johnson,2017,ARI,1,6,67,11.17,67,24,0,3,9,46
Eddie Lacy,2017,SEA,9,6,47,7.83,5.2,14,0,2,6,51
Josh Malone,2017,CIN,11,6,63,10.5,5.7,25t,1,3,17,19
Byron Marshall,2017,WAS,4,6,36,6,9,12,0,0,8,51
Jaydon Mickens,2017,JAX,10,6,77,12.83,7.7,41,2,4,11,39
Jamize Olawale,2017,OAK,12,6,33,5.5,2.8,9,0,1,7,24
Branden Oliver,2017,LAC,8,6,26,4.33,3.2,11,0,2,11,31
C.J. Prosise,2017,SEA,5,6,87,14.5,17.4,46,0,3,11,50
Brian Quick,2017,WAS,11,6,76,12.67,6.9,31,0,5,8,27
Anthony Sherman,2017,KC,16,6,47,7.83,2.9,11,0,3,8,41
Neal Sterling,2017,NYJ,11,6,82,13.67,7.5,35,0,5,11,42
ArDarius Stewart,2017,NYJ,15,6,82,13.67,5.5,46,0,2,13,19
Ryan Switzer,2017,DAL,16,6,41,6.83,2.6,12,0,4,7,18
Brandon Tate,2017,BUF,13,6,81,13.5,6.2,24,1,5,14,37
Lawrence Thomas,2017,NYJ,14,6,43,7.17,3.1,15,0,1,7,33
Kenjon Barner,2017,PHI,13,5,56,11.2,4.3,22,0,1,8,52
Alan Cross,2017,TB,8,5,58,11.6,7.2,23,0,3,6,25
Trevor Davis,2017,GB,16,5,70,14,4.4,29,0,2,7,34
Brittan Golden,2017,ARI,13,5,70,14,5.4,29,0,3,9,49
Xavier Grimble,2017,PIT,15,5,32,6.4,2.1,12,1,2,9,16
Chris Johnson,2017,ARI,4,5,43,8.6,10.8,15,0,2,6,30
Marcus Johnson,2017,PHI,10,5,45,9,4.5,16,0,3,8,7
Ben Koyack,2017,JAX,16,5,38,7.6,2.4,21,0,0,7,14
Freddie Martino,2017,TB,8,5,96,19.2,12,39,0,4,6,15
Tanner McEvoy,2017,SEA,15,5,113,22.6,7.5,53,0,4,9,19
Bobby Rainey,2017,BAL,4,5,18,3.6,4.5,12,0,1,7,34
Hunter Sharp,2017,DEN/NYG,3,5,54,10.8,18,21,1,2,9,23
Keith Smith,2017,DAL,16,5,26,5.2,1.6,12,0,2,5,22
Mike Thomas,2017,LA,8,5,93,18.6,11.6,50,0,4,7,29
Chris Thompson,2017,HOU,13,5,84,16.8,6.5,32,0,5,6,30
Bryce Treggs,2017,CLE,6,5,79,15.8,13.2,20,0,4,18,3
Fozzy Whittaker,2017,CAR,12,5,47,9.4,3.9,28t,1,1,6,59
Noah Brown,2017,DAL,13,4,33,8.25,2.5,14,0,3,9,22
Michael Clark,2017,GB,2,4,41,10.25,20.5,19,0,2,14,11
Matt Dayes,2017,CLE,16,4,29,7.25,1.8,15,0,1,5,22
Tyler Eifert,2017,CIN,2,4,46,11.5,23,22,0,2,5,11
James Hanna,2017,DAL,16,4,88,22,5.5,31,1,4,9,29
Maurice Harris,2017,WAS,6,4,62,15.5,10.3,36t,1,3,6,8
Jeremy Hill,2017,CIN,7,4,16,4,2.3,10,0,1,4,30
Jacob Hollister,2017,NE,15,4,42,10.5,2.8,19,0,2,11,5
Akeem Hunt,2017,KC,15,4,31,7.75,2.1,20,0,1,7,45
Justin Hunter,2017,PIT,7,4,23,5.75,3.3,7,1,2,10,14
Andy Janovich,2017,DEN,16,4,35,8.75,2.2,16,0,2,6,24
Rob Kelley,2017,WAS,7,4,18,4.5,2.6,9,0,3,7,20
Sean McGrath,2017,LAC,15,4,46,11.5,3.1,23,0,3,4,16
Isaiah McKenzie,2017,DEN,11,4,29,7.25,2.6,14,0,2,13,10
Elijhaa Penny,2017,ARI,16,4,38,9.5,2.4,18,0,2,6,41
Jay Prosch,2017,HOU,16,4,31,7.75,1.9,18,0,1,4,27
Patrick Ricard,2017,BAL,16,4,12,3,0.8,6t,2,2,4,10
Michael Roberts,2017,DET,15,4,46,11.5,3.1,23,0,2,7,12
Luke Stocker,2017,TB/TEN,12,4,30,7.5,2.5,12,1,1,5,22
Phillip Supernaw,2017,TEN,16,4,39,9.75,2.4,20,1,2,6,15
Will Tye,2017,NYJ,3,4,38,9.5,12.7,21,0,1,6,19
Griff Whalen,2017,BAL,2,4,23,5.75,11.5,9,0,0,6,2
Jared Abbrederis,2017,DET,7,3,44,14.67,6.3,25,0,2,7,28
Blake Bell,2017,MIN,13,3,19,6.33,1.5,12,0,1,4,12
Quan Bray,2017,IND,9,3,39,13,4.3,22,0,2,4,10
Darrell Daniels,2017,IND,12,3,26,8.67,2.2,13,0,2,13,16
Josh Ferguson,2017,IND,10,3,16,5.33,1.6,8,0,0,4,24
Tanner Gentry,2017,CHI,4,3,35,11.67,8.8,15,0,2,6,1
Corey Grant,2017,JAX,16,3,41,13.67,2.6,28,0,2,4,35
Chris Matthews,2017,BAL,6,3,25,8.33,4.2,12,0,2,6,5
Devante Mays,2017,GB,8,3,0,0,0,1,0,0,3,5
De'Veon Smith,2017,MIA,5,3,27,9,5.4,13,0,1,3,19
Jaelen Strong,2017,JAX,1,3,38,12.67,38,19,1,3,4,15
Randall Telfer,2017,CLE,16,3,36,12,2.2,20,0,2,4,0
Dan Vitale,2017,CLE,15,3,19,6.33,1.3,11,0,1,5,25
Terron Ward,2017,ATL,14,3,14,4.67,1,11,0,1,3,21
Markus Wheaton,2017,CHI,11,3,51,17,4.6,22,0,2,17,3
Chad Williams,2017,ARI,6,3,31,10.33,5.2,15,0,1,7,6
Nick Williams,2017,ATL,1,3,30,10,30,14,0,3,4,5
Jamal Agnew,2017,DET,13,2,18,9,1.4,12,0,1,2,24
Antony Auclair,2017,TB,8,2,25,12.5,3.1,14,0,2,2,20
Michael Burton,2017,CHI,16,2,8,4,0.5,8,0,0,4,9
Emanuel Byrd,2017,GB,1,2,31,15.5,31,29,0,1,2,27
Orson Charles,2017,KC,5,2,53,26.5,10.6,35,0,1,2,9
Jehu Chesson,2017,KC,12,2,18,9,1.5,10,0,2,4,15
Derrick Coleman,2017,ATL,16,2,20,10,1.2,11,0,1,7,17
Jeff Cumberland,2017,LAC,7,2,2,1,0.3,2,0,0,3,0
Shelton Gibson,2017,PHI,5,2,11,5.5,2.2,6,0,0,3,-3
Tion Green,2017,DET,5,2,14,7,2.8,9,0,0,2,14
Marvin Hall,2017,ATL,8,2,60,30,7.5,40t,1,2,9,0
De'Angelo Henderson,2017,DEN,5,2,36,18,7.2,29t,1,1,2,35
Ryan Hewitt,2017,CIN,13,2,22,11,1.7,16,0,1,2,8
Darrius Heyward-Bey,2017,PIT,16,2,47,23.5,2.9,44,0,1,3,21
Cole Hikutini,2017,SF,4,2,15,7.5,3.8,10,0,2,3,2
Brian Hill,2017,CIN,6,2,36,18,6,34,0,1,2,32
Jeff Janis,2017,GB,16,2,12,6,0.8,12,0,1,5,0
Zach Line,2017,NO,12,2,8,4,0.7,5,1,1,5,2
Tre Madden,2017,SEA,8,2,65,32.5,8.1,66,0,1,2,51
Chris Manhertz,2017,CAR,16,2,17,8.5,1.1,11,0,1,4,9
Marcus Murphy,2017,BUF,1,2,7,3.5,7,5,0,1,2,10
JoJo Natson,2017,NYJ,7,2,18,9,2.6,19,0,1,5,4
Roosevelt Nix,2017,PIT,16,2,6,3,0.4,5,1,1,3,3
Darius Powe,2017,NYG,1,2,13,6.5,13,8,0,0,4,13
Bernard Reedy,2017,TB,9,2,21,10.5,2.3,15,0,1,2,8
Jeremy Sprinkle,2017,WAS,11,2,13,6.5,1.2,7t,1,1,3,3
Geoff Swaim,2017,DAL,15,2,25,12.5,1.7,18,0,2,2,11
Fitzgerald Toussaint,2017,PIT,6,2,9,4.5,1.5,7,0,1,3,12
Dwayne Washington,2017,DET,5,2,14,7,2.8,10,0,1,2,17
Derek Watt,2017,LAC,16,2,35,17.5,2.2,23,0,2,3,30
Terrance West,2017,BAL,5,2,23,11.5,4.6,15,0,2,4,21
Kevin White,2017,CHI,1,2,6,3,6,6,0,0,4,2
Cameron Artis-Payne,2017,CAR,13,1,2,2,0.1,2,0,0,1,6
Nick Bellore,2017,DET,13,1,1,1,0.1,1t,1,1,1,1
Arrelious Benn,2017,JAX,9,1,12,12,1.3,12,0,1,2,2
Brandon Bolden,2017,NE,16,1,7,7,0.4,7,0,1,4,13
Mack Brown,2017,WAS,3,1,11,11,3.7,11,0,1,1,9
Harry Douglas,2017,TEN,2,1,8,8,4,8,0,0,3,12
Lance Dunbar,2017,LA,4,1,1,1,0.2,1,0,0,3,1
Jimmy Garoppolo,2017,SF,6,1,-6,-6,-1,-6,0,0,1,0
Mike Gillislee,2017,NE,9,1,15,15,1.7,15,0,1,1,20
MarQueis Gray,2017,MIA,16,1,10,10,0.6,10,0,1,3,9
Garrett Griffin,2017,NO,3,1,4,4,1.3,4,0,0,1,0
Cobi Hamilton,2017,HOU,3,1,8,8,2.7,8,0,1,6,4
Matt Hazel,2017,IND,4,1,1,1,0.2,1,0,0,1,2
Brett Hundley,2017,GB,11,1,10,10,0.9,10,0,1,1,15
Taiwan Jones,2017,BUF,8,1,11,11,1.4,11,0,1,2,10
Joe Kerridge,2017,GB,4,1,3,3,0.8,3,0,0,1,0
Jordan Leslie,2017,CLE,2,1,26,26,13,26,0,1,1,1
Ryan Malleck,2017,HOU,2,1,3,3,1.5,3,0,0,1,2
Max McCaffrey,2017,JAX,5,1,4,4,0.8,4,0,0,1,5
Brian Mihalik,2017,DET,15,1,-4,-4,-0.3,-4,0,0,1,0
Ifeanyi Momah,2017,ARI,9,1,46,46,5.1,46,0,1,2,23
Charone Peake,2017,NYJ,3,1,3,3,1,3,0,1,1,1
Senorise Perry,2017,MIA,16,1,3,3,0.2,3,0,0,1,0
Larry Pinkard,2017,JAX,4,1,5,5,1.2,5,0,0,1,0
Kalif Raymond,2017,NYG,6,1,12,12,2,12,0,1,1,7
Andre Roberts,2017,ATL,16,1,12,12,0.8,12,0,1,4,7
Allen Robinson,2017,JAX,1,1,17,17,17,17,0,1,1,2
Eric Weems,2017,TEN,16,1,5,5,0.3,5,0,0,2,5
Leonard Wester,2017,TB,8,1,2,2,0.2,2t,1,1,1,0
DeAndrew White,2017,HOU,2,1,24,24,12,24,0,1,7,1
Marcus Williams,2017,NYJ,5,1,31,31,6.2,31,0,1,1,25
Jesus Wilson,2017,TB,3,1,18,18,6,18t,1,1,1,0
Kevin Zeitler,2017,CLE,16,1,-4,-4,-0.2,-4,0,0,1,0
Russell Bodine,2017,CIN,16,0,0,0,0,0,0,0,0,0
K.J. Brent,2017,IND,5,0,0,0,0,0,0,0,1,0
Marquis Bundy,2017,NYG,1,0,0,0,0,0,0,0,3,0
Cethan Carter,2017,CIN,16,0,0,0,0,0,0,0,1,0
Stacy Coley,2017,MIN,4,0,0,0,0,0,0,0,1,0
James Conner,2017,PIT,14,0,0,0,0,0,0,0,1,0
Cody Core,2017,CIN,13,0,0,0,0,0,0,0,4,0
Andy Dalton,2017,CIN,16,0,0,0,0,0,0,0,0,0
Ed Eagan,2017,NYG,4,0,0,0,0,0,0,0,1,0
Cameron Erving,2017,KC,13,0,0,0,0,0,0,0,1,0
David Fluellen,2017,TEN,16,0,0,0,0,0,0,0,1,0
Jalston Fowler,2017,TEN,10,0,0,0,0,0,0,0,1,0
Hroniss Grasu,2017,CHI,6,0,2,0,0.3,2,0,0,0,2
Gabe Holmes,2017,ARI,2,0,0,0,0,0,0,0,1,0
Adoree' Jackson,2017,TEN,16,0,0,0,0,0,0,0,1,0
Matt LaCosse,2017,NYG,3,0,0,0,0,0,0,0,1,0
Vince Mayle,2017,BAL,16,0,0,0,0,0,0,0,1,0
Logan Paulsen,2017,SF,14,0,0,0,0,0,0,0,2,0
Dak Prescott,2017,DAL,16,0,0,0,0,3,0,0,0,3
Brent Qvale,2017,NYJ,16,0,-2,0,-0.1,-2,0,0,0,-2
John Ross,2017,CIN,3,0,0,0,0,0,0,0,2,0
Ty Sambrailo,2017,ATL,15,0,0,0,0,0,0,0,1,0
C.J. Spiller,2017,KC,1,0,0,0,0,0,0,0,2,0
Shaq Thompson,2017,CAR,14,0,0,0,0,0,0,0,1,0
Isaac Whitney,2017,OAK,2,0,0,0,0,0,0,0,1,0
Marquez Williams,2017,CLE,1,0,0,0,0,0,0,0,1,0
Zach Zenner,2017,DET,8,0,0,0,0,0,0,0,1,0